-10.297588813816,0.42086189912124433,2,
-9.24204302624846,1.3431118400801325,2,
-11.131880030683508,1.688134485687589,2,
-12.442850822768197,9.659519357984394,2,
-3.8328027241829665,-11.646373144800513,1,
-2.9339600146904665,5.38635636465402,3,
-12.803261325130146,10.728831691589182,2,
-3.4996006593851576,-9.852894611756046,1,
-0.5224717336002804,-3.547494791545832,1,
-11.134504073879736,1.7410972743408812,2,
-3.8345584410821636,-6.82120292503988,1,
-2.6953246060257237,7.9040385917124905,3,
16.19610471660722,1.1885728651492227,4,
-3.210539480174597,5.981457751294172,3,
5.2605175301673635,5.1778289498341215,4,
-13.122017735977227,5.336711262901312,2,
-1.1725520350739813,-7.216300577445417,1,
6.899134629785771,-7.364715418777129,0,
4.092648436245448,4.16470649292889,4,
-3.5387279751687863,-9.82131832414497,1,
-1.7624174344026977,6.548229123917034,3,
-4.609269598351448,-3.0340979267764476,2,
13.463542551912582,3.4703443004755457,4,
7.261946362113143,-4.8486560542185835,0,
-11.134995402301291,-9.877386204200342,1,
3.716715004142799,4.447600899260171,4,
-4.756053953396261,-9.850334125301963,1,
-2.813327847921821,-9.001861673672808,1,
4.692947024929923,5.950650175295714,4,
-2.470959250098439,-7.066466858054531,1,
-6.430307051593632,-9.871638928124476,1,
-2.3378675216370954,3.25721268905279,3,
-11.947529164635062,2.804186261305076,2,
7.363499601555384,-4.594549751233556,0,
0.05907034052812343,-7.95133969826901,1,
7.8638222948847405,-7.63419306576548,0,
7.343765483000322,-3.1024305858119376,0,
-11.863308328583987,0.171167540040231,2,
-2.260795976045654,8.372530562486764,3,
-4.063014377146675,-10.652253896082524,1,
-6.798775298955684,-1.4507024558207318,2,
-12.956709031467092,5.139183842884197,2,
-8.930665941024648,-0.25505829011827413,2,
8.8931211434171,4.4234302301869945,4,
0.8989437014866986,2.1314733647099207,4,
-12.570806986782976,1.5112992981724926,2,
-2.2989109413763638,-8.253095447074767,1,
6.450942172530903,-14.109664404905981,0,
-1.6791949511010067,12.543583188944895,3,
-1.9572344461651225,6.9637522883121425,3,
-3.144948404557537,8.546756271027183,3,
-0.9826811593744298,9.811338897691012,3,
7.577639258939293,-4.882575388488128,0,
10.68172792207832,5.612695752667588,4,
8.943624514488105,4.194885164676293,4,
4.682211727676422,4.825645850633892,4,
-2.8376594899016148,11.922570484140431,3,
9.478312186573891,5.490376329740449,4,
10.479225574925577,4.978074236659006,4,
-9.290531626652646,-10.09031189186171,1,
12.090764644043059,3.8826551677434047,4,
6.516206181931833,4.517400164061878,4,
-7.49017733971448,-0.6269806339214048,2,
-5.694265185567717,-10.00765084944087,1,
0.19358002552728903,2.8053916761161837,3,
-0.38577887354289886,-4.82676135995134,1,
8.586244178627156,4.328453606980152,4,
11.24909247908613,4.248404190656414,4,
-10.844554815119142,-10.482549269116888,1,
-0.8196369432151553,-6.05949524412693,1,
-4.942858568622588,-10.136983802735234,1,
-11.935782031003132,1.3964817962171399,2,
8.435524120786242,-6.613922154198665,0,
12.373741085976755,3.461928206197111,4,
6.681980595199266,-14.265855318577563,0,
7.705807173157382,-9.92677197944088,0,
7.16095137886254,-12.026876165371378,0,
-3.577893238662523,6.698882746559703,3,
-1.2793395929134004,8.921195034887415,3,
-6.26657978435777,-11.19431058935563,1,
-9.14920964473554,-10.447827269592697,1,
8.844012699918032,-8.80057853562505,0,
2.396878924828351,2.523053153127404,4,
7.399618685695437,6.774885400452803,4,
-5.823471556178273,-2.7457063681214167,2,
-3.639977295988472,-8.114453186705559,1,
-3.3876740934742604,10.951921889881145,3,
-12.214028061190538,2.9846062106569566,2,
7.501409592436854,-6.229853211096355,0,
8.553362962909548,-10.664682486259828,0,
8.48649647689466,-6.545396473371166,0,
11.249969775957831,3.8352898317522417,4,
11.51928269615233,4.404749894435021,4,
-3.8955000756517224,6.500669226728189,3,
0.9343419074945275,13.913497377032076,3,
7.546984135522671,5.904432038259426,4,
5.432011246513346,-2.2747748507916836,0,
8.738549928186877,-8.66782686932247,0,
8.984961392731016,-10.050041831186158,0,
-1.3694041140831525,5.053884903210365,3,
6.619681605467708,7.180275928325188,4,
-1.7445533675533573,-8.466349981722903,1,
8.746398670197733,-9.002305523533963,0,
-6.010855520066737,-0.7874905030529755,2,
-3.9960052439987956,-8.237579507266565,1,
15.716371717044588,1.2341180286122948,4,
-3.4340510416746013,10.723632760546042,3,
-2.803835060830524,-10.368021849427924,1,
-2.0936923416904123,9.581557384871427,3,
8.006916248826169,-10.85189391878215,0,
-9.431679022257617,-10.845671090182176,1,
0.42975202846956106,13.465140045405777,3,
8.627187226064072,-5.855784705976548,0,
2.4216667360074853,-16.503520425361973,0,
6.896966685522868,-7.825245287666302,0,
2.030981107303176,4.332309680997971,4,
8.465099297528765,-5.915963393131779,0,
5.917848010887359,-3.035781736249144,0,
-11.716783705733647,3.318019093203644,2,
-5.531713956412582,-0.21235178592260873,2,
-9.696690574123746,-0.6527042726373167,2,
-1.9830946860460208,10.472873347286704,3,
9.420058210835442,-7.620241596691364,0,
-8.45551788381707,-10.3235943320879,1,
-4.2045345553669975,-10.533454876933956,1,
8.122601270471554,-7.0110089577506916,0,
-1.342193890851321,10.217626893232802,3,
-0.19985804122656006,12.534165419845788,3,
-1.2090900628915335,-6.549361705657581,1,
-2.99766052918004,8.363201879842917,3,
3.4468447732367973,4.703954856847699,4,
7.872297333863618,4.314977625370999,4,
3.608224182832596,4.921082606521731,4,
7.793593324442486,-7.404927950636452,0,
-11.908300409749867,-9.792287680569961,1,
-3.37496569967884,7.781190528173342,3,
12.272540158201908,4.789392719259078,4,
-6.324030578142091,-10.012704226387557,1,
-9.235260651665085,0.15228238172055436,2,
-5.0419260962589085,-10.329421231463625,1,
14.159105058540922,3.521038794018877,4,
-12.8434506814859,9.743662625723742,2,
-5.249207535533305,-9.401893053788823,1,
-7.650384387680233,-10.635424197104966,1,
-8.944698482916367,-0.6827273416818597,2,
-2.075223547277039,2.8796381336207095,3,
-10.07178802850645,0.1310654650147315,2,
-2.4959849817316546,-9.627967363659062,1,
1.7133746334366373,14.37396637431473,3,
5.6005775267026205,15.417981229699016,3,
-10.980125026199435,0.16830649409883588,2,
7.771511852576997,-9.650594368364668,0,
0.17718238790833518,-3.7541048501310477,1,
-5.04059081370336,-10.918177324203704,1,
-3.4552766259087555,5.985890326464761,3,
-10.924025540282006,1.4944597722912896,2,
3.506106566116989,-15.88161406140559,0,
-7.292997216019889,-11.391725927892523,1,
-9.781966767598005,-9.983357722729163,1,
11.116777424239386,4.70468666303382,4,
6.465997715798895,-2.628164747314687,0,
-7.283985189014088,-0.18873947716136694,2,
-11.011837220120178,3.646113905408559,2,
-12.024188112023698,3.228201461984661,2,
-11.112342147471278,1.9749119210169566,2,
7.483992619172267,15.43464296406992,3,
12.499058054363285,4.163945613940847,4,
-3.2425098984253395,6.920047066022613,3,
12.350519268782861,3.614646375600637,4,
-10.100726134237476,-10.555378077974591,1,
1.9988852373621224,3.4151787015415307,4,
11.876572592149264,5.183613126813836,4,
7.337796157976205,-8.392593621585668,0,
9.325303206217377,-6.707325753706872,0,
8.278485863821587,-8.254731516774939,0,
-2.0952746227410093,-8.826689790615168,1,
-2.4100912588099836,5.367891698954499,3,
7.682637752889191,-11.028689602518206,0,
-12.345651631163472,3.323365297971463,2,
-9.645450618019462,-1.7500789059468134,2,
-9.384491135812503,-11.058014786503989,1,
-13.134216442003988,2.4187441732705093,2,
3.326668068723249,4.248767585433908,4,
6.263208912598558,4.474758159002849,4,
8.592757417030757,-9.255024333095387,0,
-15.01004117824301,-8.341632540078514,1,
-3.7883242553387793,-9.562222807019275,1,
1.8653425432545894,12.870406627583257,3,
1.6886242405226934,-2.7878308433215633,0,
-8.850504136691804,-10.012440544565033,1,
-10.871420744492216,1.6261255114835427,2,
7.858908346252386,-9.127238243004038,0,
-11.21736302906733,1.9242749384178963,2,
-0.2600176297279072,13.020167510124914,3,
-2.0915959444135037,-1.5221615071953938,2,
-10.77894965446167,1.6808889910163471,2,
6.602135432787612,4.417658167084909,4,
11.24403766782857,5.983589567059027,4,
5.890972203927376,-3.142809759391904,0,
-9.21642303331427,-0.8629559572181895,2,
-1.2032573172485317,-5.227558402213041,1,
-5.075192156746534,-9.965809330774556,1,
4.820787621319202,-14.717314783321058,0,
-12.949710214562419,4.9770429966387555,2,
4.911115309519483,-2.8736363800935694,0,
7.973127254469336,-8.269192869639935,0,
3.901249462088603,4.0922825677460555,4,
-9.99314318498065,-0.1735754922694479,2,
-8.814742327831436,-11.259418295477388,1,
7.088278387697221,-7.215436772063057,0,
-10.345104467082134,0.8767021750450933,2,
8.200724994091212,-8.188894456696353,0,
12.817412224454902,4.099922063750815,4,
13.437357685493385,3.6006853299318036,4,
4.385379814710096,8.234802788191796,4,
-12.12781731325017,3.8480008845138447,2,
-1.3027501420293635,13.567840365356643,3,
-11.956232201940004,1.0712403586599692,2,
8.293659133633124,-6.239842831945967,0,
8.361096582135994,5.675238752808893,4,
-2.4994663703162163,10.245858469147308,3,
-2.5267443119516604,6.00858230676568,3,
5.940431814546283,3.604398073497662,4,
7.974181361873142,-9.408034656633525,0,
4.8922147973675525,-1.2335090395838757,0,
7.20123904954391,-5.344843880373929,0,
-4.5153590123539695,-10.432762766489477,1,
-7.302238407074087,-1.3745801731681853,2,
-3.5021642594424565,4.736613605237318,3,
4.246111566521619,3.443331729736294,4,
-3.1197682428817233,-10.131642684875501,1,
7.619366608924966,-10.064256796228761,0,
-3.874462601379852,3.947567271882628,3,
-6.535158309626231,-1.6835458664885994,2,
-10.753299237545665,1.6633528536530524,2,
-1.676374498262454,6.124192247720561,3,
-2.341593213887945,-10.269710225366955,1,
-10.046574793872853,-0.827140535865619,2,
6.952613603156016,-12.925569151630858,0,
7.3933922290134095,-4.367757394729425,0,
-4.187069854307154,3.522125937343048,3,
-11.235065683657934,3.5180283067985076,2,
11.102100663792111,4.009469898986561,4,
10.119182408907715,5.402481522436031,4,
-7.535860511919226,-9.750088163793574,1,
-0.024123056842565785,-5.373078612353467,1,
-11.609920683127191,6.629181912622797,2,
-2.096686337278882,8.538595025385181,3,
-4.618572298560144,-9.933247737391985,1,
5.484349672936963,-2.626590912872798,0,
-9.964716518299015,-1.4651207315036885,2,
7.516776622505658,-2.560699865686751,0,
-2.9551440421578823,-8.708064786466661,1,
-7.869345153346403,-10.608540923059085,1,
6.735273489600409,6.3314829934254355,4,
-2.2548433869213147,7.738345530208633,3,
10.702078553346752,4.211826143413969,4,
7.4764428984325875,-5.856263966161399,0,
-0.6177253442146463,9.71614167188558,3,
6.795238514044821,-5.400456493622229,0,
7.4964790691560115,-5.7386620384848985,0,
-0.970072831909822,12.760208694747824,3,
-11.694406154300971,2.1066923485904536,2,
-12.149373483662917,0.7292739044261087,2,
18.285921521472336,-3.8644253574062706,4,
-3.6171698891726844,-10.366978377591433,1,
7.766674421383649,6.468759301393926,4,
-2.286841369869344,8.506706155380922,3,
-11.76964605033971,0.5541863635594844,2,
-12.703234928666019,3.33074808051514,2,
-13.452045437410288,5.6847159136229415,2,
6.992353999983764,5.594043042116539,4,
-0.4773636429565739,-6.7799126354051,1,
8.025199972754121,4.406514440005045,4,
7.9500142826744895,4.397890077132711,4,
-5.173429359823465,-9.22184355819967,1,
-0.16154092368839526,-3.164750827029852,1,
-3.503324812513772,5.848680458822589,3,
8.21792703041154,-6.643850352692632,0,
6.924447972023847,5.065919136547116,4,
-12.712029113445295,1.479918789942448,2,
-8.168354319847177,-10.728729186268623,1,
-10.085560482132799,0.5795996350914504,2,
6.447829603926811,-4.58916031958508,0,
-3.606068259578699,7.898458438480133,3,
-2.196565741932399,-9.39956876109874,1,
-8.20571870944405,-10.721513140181713,1,
12.5190156036824,5.421411095129244,4,
-2.136363728721598,10.122150626700439,3,
7.2761630811673434,-6.396995549453617,0,
7.62950725157771,-12.206680337912953,0,
8.801495577231002,6.4312532726746845,4,
4.403671419433343,-0.8025833292312499,0,
-4.12251635350727,4.3618187662084695,3,
8.02772970003716,5.742743586243776,4,
-10.870623915892585,2.403842306931831,2,
-0.6857268944671845,-5.763487763273112,1,
-12.59624582934107,8.099689532383078,2,
-5.639817458164748,-9.825223936492769,1,
-2.5375323271119306,8.976709508778793,3,
-10.738171568850888,1.350946592748492,2,
-1.5007111074688249,8.634292457841518,3,
-3.0610629553809066,7.134243121219619,3,
-1.6602534782253617,8.825513062657715,3,
-1.5154684493572668,-8.074383603678516,1,
-9.94843505581762,2.021529304845621,2,
-7.183613832929411,-1.378363955225921,2,
-7.084993963706423,-10.736914164153855,1,
-5.378914865207233,-10.270167148896457,1,
8.290224964430553,-4.308411272367474,0,
11.91293041189958,3.5896737137494306,4,
9.36143492049452,5.4629093587195685,4,
-0.7158990858787839,-6.761367089347084,1,
-5.752651305959101,-10.470138078047919,1,
0.24751196172626638,12.017701918277057,3,
-2.480627056768948,7.529595204459689,3,
-4.19311194894807,-10.363787601840833,1,
-1.2067058338586967,6.656754167018218,3,
2.501516096579006,14.499663430223016,3,
-10.969973399867927,1.0733258200063451,2,
-8.722342491604776,0.2053519764410061,2,
-5.627649944525428,-1.7507554587652818,2,
-12.076587642545197,1.05120897870866,2,
-1.9469551347585838,-7.353572558879139,1,
-9.43409499666222,0.28157940078357285,2,
2.112647396322064,1.3847574646869085,0,
-6.297130169390216,-10.282113123733607,1,
9.335528308432966,-5.3890583984006675,0,
3.785254014263364,-15.990352696784951,0,
9.216944845848543,-8.595365218406526,0,
2.8700430943592425,4.562323508926358,4,
-1.7876758890674798,8.643486454183197,3,
5.536904444517344,-15.186240751296207,0,
-2.723707593772877,6.248110689177735,3,
6.154149257207702,-13.98682863570744,0,
-3.672226153022153,-9.177701378949825,1,
11.501305301645836,4.293982933495922,4,
-1.5546643101218438,-9.319053632659209,1,
4.105920236176745,3.479785508499576,4,
-8.821331400437845,-1.9907372597297732,2,
-13.063203775905574,1.2256997820018163,2,
6.110271190894339,5.157904762153098,4,
-14.218320523571933,4.340721092440273,2,
-5.8416138085198765,-1.6223786066065164,2,
6.4512859704024486,-5.509315243786144,0,
-2.608122178643862,11.529363295340138,3,
1.4486562415552546,-6.730557512689415,1,
-12.808291508628418,6.118034830186263,2,
7.316114457384579,-4.462508721140975,0,
6.613272156807605,15.157552553827893,3,
3.9054776187995843,4.710739205521229,4,
8.013843621546004,-8.00146431865411,0,
-1.9771120728411895,-8.91626174353691,1,
-1.7671786376779646,10.138008032106423,3,
7.656465625226462,-8.317390452005988,0,
-6.557218929650257,-10.518044027265903,1,
-8.284801018112868,-0.7706224801465222,2,
8.862016640715984,-7.184457650861191,0,
12.89866762018505,4.241151320283375,4,
-2.011541022488304,-9.298635008070516,1,
7.95361453895238,-3.898887179581621,0,
-2.837587598334471,-9.56234757953072,1,
-5.059984378965835,-9.98895654556731,1,
-5.892730794988131,-8.171889698471139,1,
5.972676313052039,-7.246662535602236,0,
14.006678164515174,1.7533646929578897,4,
-3.526076896562299,8.526144141379785,3,
2.7606192942730208,3.6152130392612536,4,
-2.7660789956476766,9.760924116780004,3,
8.67916045981761,5.7283707627179945,4,
6.930091056602915,6.282212223057142,4,
-11.663539062098545,1.8750331665300415,2,
-3.4272612124593205,5.818610576766067,3,
-13.33870861602919,7.006708248401972,2,
-3.492343435207788,9.045756222893734,3,
-3.8891170223984624,8.748029998074474,3,
2.5972530203830813,3.069649947269503,4,
8.639598430546561,5.911217035807686,4,
-7.588544560778518,0.0007580457834786836,2,
13.185985362073875,3.086017257652781,4,
-1.4318545556490039,9.581740339152068,3,
-2.8548290613300518,-9.86162859137088,1,
-0.8460761750251743,-5.5457987717741055,1,
-7.10986804069515,-10.909566367615401,1,
-0.07350025479436986,13.789837102034664,3,
-11.013731299997595,1.8549200240943158,2,
-11.843636635061156,4.436320559288488,2,
7.583613512108496,-9.803208309773952,0,
6.463785171886406,5.4424590810923235,4,
-5.7808137319915245,-9.637003438447527,1,
8.565192866357826,5.675350024281421,4,
7.969971497449716,-8.776660091697966,0,
4.981656739738652,4.987923080721318,4,
-1.797956374970191,9.216864219852315,3,
-8.639890949604643,-9.869539149744083,1,
8.366636076919729,5.952185806494764,4,
-3.131901190808202,8.073441214893633,3,
-12.813602624728777,5.9551729326210285,2,
8.34039481710928,-8.288429865820845,0,
-10.497325992028419,0.7441332025277142,2,
11.311921416262036,4.531242653993043,4,
-11.35021692059854,1.984186589570546,2,
8.16906464747121,6.348133818454265,4,
6.3222365551834265,3.9639255652585463,4,
6.11767076614553,-10.178837199125176,0,
-1.9034101216047676,-6.905040106507602,1,
3.3326102656284524,-2.8337879397227943,0,
0.6287798223820816,-6.1032817580100565,1,
-12.453807677354538,6.9889807786144855,2,
6.731055063175845,-7.41588589210294,0,
6.35104247291132,-4.294583282674008,0,
11.130584181195097,5.190690815554577,4,
4.217136956761219,3.359275099083523,4,
7.515781385146076,-7.831266978925332,0,
-3.4456088759251147,8.473015314370341,3,
7.251589006944172,-3.763145542832116,0,
-2.271911482408605,-1.1238275508341242,2,
11.59714396418033,5.3659064164072845,4,
-10.144065851998704,0.4048184012531266,2,
-6.9313112253699,-10.228916391146917,1,
2.628746980984017,3.0020109946974087,4,
-2.2366190814188465,9.722021022634799,3,
-6.926100210014217,-9.902368506206624,1,
-11.753462487797911,2.4381097393320306,2,
-1.274327390402499,9.949891608011676,3,
-6.949872446328225,0.02046113685862397,2,
-3.2635578767965683,-8.872199826544746,1,
-4.657783760820261,-9.744051012296636,1,
-1.7390536563724295,3.5209344855911464,3,
-6.695010786180289,-10.74358469375156,1,
7.115368532316282,3.8193625443294072,4,
-3.548763810889665,4.4645672166006305,3,
-9.95376211332868,-9.54545634243826,1,
6.0467471363046545,4.582118158015746,4,
8.191708162745272,-5.982010845559592,0,
8.483304125957021,-7.352593734334311,0,
-3.5243051606314157,-0.3511667215455093,2,
0.7580014355718325,13.279252878762577,3,
-11.447672513662981,1.3550705458002628,2,
7.5049091443575495,-6.723991815225855,0,
-4.779248727939589,-9.966949003525464,1,
-6.828663812290074,-10.542230098682344,1,
2.7022677482816753,13.49582247474592,3,
-2.3860270331117563,10.292824600880452,3,
-3.3680602990614084,-9.96923568188937,1,
-7.0944332239581716,0.26059376010222096,2,
-7.414218741442433,-10.41524093451108,1,
8.342466815148615,-10.16372579338391,0,
-8.2820502426768,-10.609912179380087,1,
7.614048141033729,-8.614600661242001,0,
-4.566554172174749,-11.08939712550609,1,
-11.160152213215717,3.4747254914883854,2,
-7.731604525221973,0.3129581455365472,2,
-13.50728206545803,9.438107068276882,2,
-3.876815228131764,-9.56859728692638,1,
7.665981214315025,-9.076368444333713,0,
-1.6445814959789566,8.539036785335231,3,
-2.3909415587555354,9.402309189303384,3,
-6.440598649462369,-10.228353247494313,1,
-5.686302465463174,-10.89111638067006,1,
1.4220310785461574,14.15122266283568,3,
7.599012743422925,-8.463858686258227,0,
-1.181021979508806,11.621130461107352,3,
4.277182726341117,3.3979538133356115,4,
0.34989458916817295,0.7369280637179016,4,
-2.6026819787884086,-7.117940167775302,1,
-2.1781151566822192,9.653663550690235,3,
-2.703772353410695,4.533728368351885,3,
5.994534495612061,3.6979710721920007,4,
-7.47249892659437,-2.578036176805964,2,
-8.113782790479702,-0.01427631808097081,2,
-1.691690220669047,7.057670500673114,3,
9.719844677642309,4.873759720536093,4,
-6.685927229757722,-10.089689152724697,1,
9.45443358699344,4.7334719573054524,4,
-3.7614573359152423,10.481132037258593,3,
-4.219091403219323,-10.38226823734946,1,
3.8425574853163615,2.5351643383222253,4,
-7.753828976548584,-1.750293258829787,2,
7.52540342313524,-6.677200135308363,0,
6.949170726519527,-5.327471369691351,0,
-2.619186914273231,6.093426371097279,3,
2.2205837267750255,3.291167271882016,4,
-7.753652317304674,2.3884156313425855,2,
9.083838644416572,5.2304544230250904,4,
3.992282183099425,14.920320924305734,3,
-7.068782306346538,-10.264663935959582,1,
0.4633656789230936,-6.077083446358335,1,
-5.56741827214018,0.4454019715627312,2,
-10.952331928069432,-0.43418744213130367,2,
-1.907276430480767,11.913724166101698,3,
8.372659862217354,5.924800093008756,4,
-2.201139175115904,6.261213882114088,3,
-2.6687405192239333,2.306998277310745,3,
-11.801579945524118,-9.672635100166126,1,
7.824156710768513,5.000446329300427,4,
-8.878715786129796,-11.042848954812092,1,
2.0093421379901284,2.8521014127436626,4,
-13.163148513132903,-8.776462388616363,1,
-6.902396643175656,-2.0579182517180357,2,
-4.081843837337224,-9.090243215018637,1,
-6.015691695185402,-10.208712724499962,1,
7.7846697471133774,-7.638333330571765,0,
-7.975644743205869,-0.8280009482944288,2,
-5.315926686512446,-9.074038604895494,1,
7.45616558525493,-7.922608439884322,0,
0.9951291400173183,13.956088471091872,3,
6.9540530264592215,5.165268397998647,4,
7.890438242645368,4.630026493115536,4,
10.212386916297474,5.846680754293829,4,
-11.318348207522948,2.191228827999038,2,
-12.791407011903937,7.2700596176844545,2,
7.870456486233066,6.691165668413873,4,
-3.1285479956382733,9.529200271457224,3,
-3.1504468853119674,-8.58137745274132,1,
-6.469614104888276,-9.575511574938272,1,
6.90062617587845,-4.72813597303196,0,
3.8823450566173348,5.370279917012733,4,
-9.453910729206065,-11.355458653732132,1,
-1.669008703392216,11.178511600370003,3,
-8.93630390895571,0.3623542491550874,2,
6.601565419908848,-12.761147333751302,0,
7.6791568927983365,-6.612039773892967,0,
2.340364297170065,13.909924836974497,3,
-5.802411746272652,-1.609463435442318,2,
-2.847776354075017,6.164046708935048,3,
-13.073231660569482,6.725984020748912,2,
-1.616190824437787,-7.0385163490876765,1,
-12.498616639535758,2.3457170681072363,2,
8.410843075220543,-8.29690360021119,0,
-1.2705046633402137,11.019583636015263,3,
-2.023341245335342,6.996960737904903,3,
7.262072646998135,-8.844723458415269,0,
3.342876941000191,6.454645612770744,4,
11.278603426857538,6.329955514680065,4,
6.985174237657378,-3.893359632145571,0,
-6.884876930558531,-0.6224466744970171,2,
-3.065263789424498,8.19392427349757,3,
-1.4080278451297834,12.930857366801462,3,
-4.895847721742747,-9.920930973849366,1,
-2.576589101027065,11.281947524727588,3,
-6.939031283278627,-9.653794310483102,1,
-7.762488096177681,-10.383269081035522,1,
-3.133160593465814,-10.509958330950122,1,
5.249360629461694,5.1513786434191005,4,
13.705492984425744,3.195068374257092,4,
15.370679822210233,0.7928335631789517,4,
-7.335921513191331,-9.465016631155784,1,
16.974814507570045,-3.2221394775471044,4,
7.274446332610758,-2.9172382468671088,0,
3.2714935145094923,4.279515405161681,4,
-13.130010767692049,3.435476344978712,2,
4.458128024072051,-2.9164966806027364,0,
-3.690581055679602,-1.847932278923607,2,
-10.661608017417985,1.7333364273775893,2,
-3.5285972506768704,-9.062921194269283,1,
-11.601170869518002,2.763966114982972,2,
-2.087120963328249,9.955306059317126,3,
9.205418631603337,6.686771853899191,4,
-3.2783070342088383,-1.3398551807190053,2,
-13.362514531229948,9.714856612683011,2,
7.499478614162262,-3.7399703771566903,0,
-12.789119085233951,7.469202341283806,2,
10.545320825429378,5.260943367518678,4,
-12.391876783250986,4.704872784517005,2,
-10.803457825649684,1.164215692220311,2,
6.904739742191111,-9.169001224736503,0,
7.659195293782891,-5.9030665147465005,0,
1.1188289934524915,14.974938818924343,3,
6.860909528826472,-3.1919941703553545,0,
5.320771563134632,-13.524048303473888,0,
-1.6408633384746694,-9.107796387401159,1,
-6.571347922840308,-9.53466641027229,1,
-10.568455513913191,2.9394827029756314,2,
6.035203634922476,-4.554567889207363,0,
2.6715636650739913,14.261343723661975,3,
-10.27313175294913,0.5795461987812965,2,
-3.728150129661871,6.506412366303032,3,
12.038391464529752,4.78203836561989,4,
8.0263550019904,5.816556686014441,4,
2.763831063949025,4.821595278683594,4,
-4.92705684549266,-9.967050120759072,1,
-10.210233795259104,-1.4337558082122128,2,
15.104043286745705,2.123055985311462,4,
-10.096549230683475,-0.8914223073772554,2,
-6.209139877178379,-10.022166995380168,1,
-8.802411650824201,-11.081497268869038,1,
-5.780741847667496,-10.038623832444667,1,
-0.40696818758582987,13.021393894715922,3,
-3.812594556043068,8.801860719697673,3,
4.220537399566541,5.085921078749526,4,
4.564108747302097,-0.535696242004725,0,
8.904929834937082,-6.743137751269595,0,
-2.3241175696168965,-9.940822838602058,1,
7.0258386083367865,5.417526194982568,4,
7.786147441265955,-8.970175559167721,0,
-13.032398726097547,5.030069670657184,2,
-12.994371823973134,3.043280814229405,2,
-0.9537488294143731,5.191757551902512,3,
7.797448381620927,-11.140277876862445,0,
6.24038253154157,-11.181213586940784,0,
6.665154593728983,5.051611724634041,4,
-1.8101454175611438,8.560675999982692,3,
8.80239829069241,-8.0105311051757,0,
-0.34095151362960097,-6.752149872547035,1,
-1.416609516721464,-4.214476876990277,1,
8.334147183812373,5.904021967944461,4,
-3.7549511595954836,-10.400637271630282,1,
-0.6724450202443272,11.502273792029094,3,
-3.3431134150218886,-10.101399415943686,1,
-2.6165050368519562,3.7786154568843937,3,
-12.36638232327648,1.5965879540056491,2,
11.575601811459904,5.403302737168646,4,
-5.141336808384061,-10.540811708444629,1,
7.138075794867101,-6.456878656942415,0,
-6.450962813209515,-11.41707243766276,1,
-13.023418440701827,7.241345788719799,2,
6.761598094887139,-0.6967938785158712,0,
-6.4422828008799895,-10.337937113500967,1,
-7.548413276477426,0.41633872600326705,2,
-7.158585612181108,-9.370057156510995,1,
9.218494443650854,5.598982810326119,4,
-1.991429517442115,10.946050977294728,3,
7.539633212733082,-6.028820681363304,0,
-5.903430584102613,-1.2418936497379116,2,
-0.33413638091630365,11.051426999295618,3,
-2.0879184975481313,-6.8716960284687225,1,
-1.849044179126047,11.589608632027954,3,
14.560807869890834,0.7813962722639367,4,
7.644438995264934,-3.664449612649983,0,
10.563356971109785,4.510882508390007,4,
-3.5250751043565836,-8.193224213273192,1,
5.826252338612482,5.890171812672872,4,
-9.060805282294849,-0.18802839818117395,2,
-1.9481683666087932,5.459052296641273,3,
6.006903408606773,-3.0067555027522945,0,
-2.7123928936596817,7.677472161799887,3,
4.820008228112153,5.20417422292217,4,
-8.220878484931127,-0.8018414349736186,2,
7.921043184598241,-4.909551113836767,0,
-0.48489226109690187,-7.7099065767802974,1,
-8.887903762527001,-10.65338346087218,1,
-8.457692712998227,2.1539731082360074,2,
-10.735834479492471,1.4335742002501157,2,
3.873107227375114,15.94204838010256,3,
0.27745973733901197,12.881608871359845,3,
0.42859207364992424,12.728732650004467,3,
7.367741393954772,-10.1817819576509,0,
6.484053714747986,5.0159280989358725,4,
-11.551211040259453,4.107746576676915,2,
-3.0044345138016153,9.092395861713193,3,
7.468117482685929,-5.375223274403462,0,
-0.6716098918118979,2.4507159161698184,3,
-2.759147839088396,12.096704188205447,3,
-7.096527285827313,0.07829868511161839,2,
-3.9654183127820417,-10.367212934931949,1,
-0.11203811058487337,13.417303510344077,3,
8.077924106087647,5.295986254173304,4,
7.872570126095161,-4.602150468743903,0,
-0.02515147417831362,-4.650292460696118,1,
-8.051921366459867,-1.571251438602777,2,
-0.8108862318659245,11.933758563349022,3,
7.859792216810002,-3.8333649867406727,0,
9.84720112429063,6.281810929430794,4,
-10.286763454158972,2.0343736743179566,2,
-11.721000849458909,4.002489294076538,2,
-3.8630205673700866,-8.851309761040323,1,
-2.64537268188437,10.96407979765958,3,
-2.607978250889731,6.960913317292944,3,
-5.391082866535173,-2.325865567812389,2,
4.711313636638153,-2.6433881756913196,0,
5.987688254358923,-2.898165093017646,0,
-2.107928394140337,12.628345044547071,3,
2.9337769473792417,-16.354459268004888,0,
-2.5798423792412106,-8.037106556540506,1,
-4.501048520975111,-9.388826854005538,1,
8.380192576495997,-4.0448990206878594,0,
-1.4994564638532324,-6.296984833255483,1,
-8.862932066852304,-1.0978240453681085,2,
6.638217506067322,5.9810417746449,4,
2.2182937697711718,14.736044706606021,3,
7.717499243459215,4.532922349545388,4,
-1.8551754513633367,-7.023157389982636,1,
-1.1909714442851616,-1.9189780422160156,1,
-4.969759475387639,-10.188224532486698,1,
6.889629074775058,-6.852468830311988,0,
-3.240060741734607,7.982609263261229,3,
5.926961372559622,5.4422649983882465,4,
-12.840217320900013,4.071357016118625,2,
-2.774176887623393,11.697930827325107,3,
-10.460570510278922,0.279803989479395,2,
5.498982363397157,4.9045274966832935,4,
-1.8165389258466509,-6.933179706980406,1,
-4.821593133270645,8.586329418170719,3,
-2.7257351235520293,-9.004525854832773,1,
-2.855965319687979,-1.1880660931931797,2,
-3.6084031778992998,8.667505139443392,3,
-6.765271971757492,0.2348826162538438,2,
-4.182310495557405,-9.61190119014465,1,
-8.340004528540236,-1.0640674593754562,2,
-6.333355307794966,-8.654443153841678,1,
-2.0466235459474498,-8.053121833989039,1,
6.503010410062653,-9.84711229079575,0,
0.4060226619663786,12.384012147605665,3,
7.086896396031824,6.078763906716284,4,
7.720588823451829,5.37062453853392,4,
0.5644091954666555,13.912650409287963,3,
-3.2842505696002453,4.6981765781662945,3,
-9.626760376826653,0.5211006312358591,2,
-9.97539526713031,0.5664929446232829,2,
-3.1181694779024838,-10.828394616925998,1,
-10.280320646683618,-0.22067719656833268,2,
-9.91819936917363,1.196377384237878,2,
-1.6013867292789563,10.796592732115693,3,
11.993213098212843,2.8002526614745116,4,
-11.41281606759794,1.8549869905686098,2,
-3.5354160677249205,8.030775865240383,3,
2.0970058991708935,3.2911154588087914,4,
-3.374114450173219,-9.312791514884522,1,
7.481168600691928,-4.571043543322846,0,
-6.150406338471783,-10.599670543386615,1,
16.03502104868117,0.7942020411873567,4,
-9.09509549947034,-0.3187241413829536,2,
-2.6574065837839944,6.3731153579400495,3,
6.511306095262613,-2.9725755015618933,0,
-0.8623793673833389,8.195029187413994,3,
-2.51021299464681,8.414638196297036,3,
8.171598749915072,-4.559900778317789,0,
-1.2863931558142394,-6.673958437660796,1,
-7.090558645963444,-2.9226571949470728,2,
9.700738673002084,5.099174565096702,4,
8.21939888504318,5.494886428908035,4,
5.013757294834546,-15.366712671942453,0,
-8.82806988561776,1.2474682042196328,2,
-2.8526536102970166,11.106444034601124,3,
-10.498281363854682,1.139105310510628,2,
-12.020293952228196,8.240920035041563,2,
7.3081824541536475,-3.5149192524445025,0,
11.198327879408321,5.317433624243547,4,
4.616499582605237,-4.2234716758766835,0,
-3.359571921900933,-9.302098883924494,1,
-3.325009824650177,6.29459644846087,3,
-10.667969517703265,3.3632135115703408,2,
8.506015157235748,6.664159319239768,4,
5.588109541879126,15.178249801088526,3,
-4.4979331885513,-8.46617519939245,1,
-9.434638324625297,0.4900643510108741,2,
-9.487488119329875,-0.0239190902372282,2,
-1.4920425689488415,10.576366049537686,3,
7.390541758449354,-5.703102312707045,0,
-4.333260665027618,-2.358044027142146,2,
8.14532619903238,4.3660885655882895,4,
6.86550547975002,4.712932295976736,4,
-3.949949632837893,6.367353889371577,3,
-4.386521095749963,-8.56407623490795,1,
-2.4211661233687485,7.218664177405664,3,
-11.764799245216127,3.873955145207022,2,
-1.017668226362944,-8.652685372088765,1,
5.875292906802159,-2.3659931969096255,0,
8.087979851841363,-9.406659469316159,0,
8.6870324302157,-5.846795319864718,0,
7.352283254472292,-12.17552946893381,0,
-19.970183192380986,-0.2878472205306275,1,
-0.585759297909181,10.756576310475873,3,
11.99144802635747,4.674334774276634,4,
-11.677109754622103,2.580216202268562,2,
7.284694815411797,-9.050763304341015,0,
-9.313344078210996,0.7877095508750309,2,
7.78088127778746,-8.956000874002854,0,
1.2142102175122382,13.79343262534915,3,
-2.571870905638898,8.48759568022669,3,
-3.619035389519036,5.678918635130898,3,
4.069220139279103,5.489189392117312,4,
-5.941620172875433,-2.4459955127993007,2,
-7.199243570305827,-0.6868927254556961,2,
-1.1840016950776993,-4.096607533574177,1,
-0.8958937233863451,-6.813943310348543,1,
-11.778314535715673,0.9729102418916358,2,
-9.306587338103027,0.5461280290240684,2,
-9.943665079352822,0.20123953143301496,2,
-4.505780716312451,7.653112959529299,3,
4.262696148153363,-2.8466051929538363,0,
-10.946946443741005,1.6177987004845842,2,
-4.556306212648561,-0.879995393680409,2,
-0.283520757741901,13.478723478103298,3,
-2.5890062416355835,-9.113856608184443,1,
-3.313225072243886,8.858999741652116,3,
7.877382952247988,-5.113711156901023,0,
8.252065197163015,-6.083550522228701,0,
-9.399626064604158,0.10248267206146613,2,
8.035325545068291,-6.906489315214878,0,
9.559482566754076,5.206817967741974,4,
-5.269916270692526,-9.64151337434773,1,
-8.984599621265495,-2.9371378423320893,2,
12.483215565053294,4.840280368444196,4,
-3.573298481705251,5.319415730737918,3,
-8.783638974900153,-1.106652612970522,2,
3.8841863120990245,16.141391820582108,3,
7.4244886893538915,-6.953734916825246,0,
-7.816519027174191,-1.7412696915294934,2,
-1.9574952124186529,6.489694143277644,3,
-9.050498714077813,-9.734211225122515,1,
-10.341933989759976,14.938519781793092,2,
-6.1623404352299485,-1.5444652328161625,2,
-7.276322895352836,-0.9100320427587119,2,
5.919141938686678,4.882979331348757,4,
-4.173160461585443,8.379038989229612,3,
-7.088738700674179,-10.932779461407993,1,
-13.177099741735747,9.67021514185579,2,
9.412570178061051,-8.30815676773602,0,
6.086247450410516,-3.4776781694551877,0,
-4.245989171639117,-8.972147326200515,1,
4.1987209514291015,6.137536664733227,4,
-4.62480665579714,-0.7586894999020531,2,
7.9743173941573575,-6.335066123095638,0,
14.193001404176949,2.9284669846204774,4,
-3.1482366105487847,-7.744835124375643,1,
7.94610028335235,5.454173621144147,4,
6.575345521271178,5.084123263398288,4,
-3.784460618892325,7.177906570431162,3,
11.609624725867533,4.0827532223492256,4,
-7.646160675346846,-0.0003802212089011603,2,
7.71502030808771,-4.307097087315783,0,
-0.7246484622796865,-8.7579998224194,1,
-12.01870347208419,3.130372945035684,2,
-5.04716371695027,-10.732585929588172,1,
-10.635080237989829,-0.2591877778313124,2,
8.027864284430787,-4.984078595093492,0,
14.674132931766778,2.0734012021117842,4,
-3.11178106752931,9.552835600413541,3,
9.068955205346304,5.407365757328831,4,
-3.5482984738568053,4.467129093732397,3,
-3.7860414987367985,-11.02714998765684,1,
8.457336206886177,-4.221546365556398,0,
-11.447995589674296,3.6638914885813865,2,
-2.364550200792374,-7.871325650872768,1,
2.3665739864945228,4.129421401263857,4,
6.452000974360893,-2.1324137321775547,0,
8.163794236518912,4.246947474679272,4,
-1.9946762895728374,5.098919397862175,3,
10.571934319602894,4.725390786020699,4,
8.091961818771813,-10.643806422267591,0,
-6.221482391560071,-2.471041172279626,2,
-11.481825623966373,0.4520409098243769,2,
9.280300006295203,4.550537946384574,4,
-2.0769460618950135,-7.420017629081027,1,
-12.837184787417915,8.087917881184874,2,
0.1793067262317219,12.096315892361913,3,
11.985770316351697,3.245256242905291,4,
7.019328124845206,-6.351219774522963,0,
7.9074367935101755,-6.204671734066549,0,
7.456193014671172,6.095926010975068,4,
6.538890867580203,-4.495133572957019,0,
-3.8610645866860596,-8.79980733510812,1,
7.154815665793985,-2.9711552898590177,0,
-9.340741437068003,-10.336538425684864,1,
-3.6302649490300176,-8.696807399834638,1,
-5.876626612944788,-10.995607000077356,1,
-3.5889990220567465,5.661271048138804,3,
-12.37107538124337,3.8891802873912735,2,
2.1299302737705803,14.7995645505816,3,
-3.4628491423161423,9.873846495542827,3,
9.030513195475528,4.606720305600595,4,
12.289953025237848,4.392961621004983,4,
-1.1743174034315538,-7.305410024298994,1,
-3.610058416112048,-9.817630211935063,1,
-1.4703021220997612,11.226687735231554,3,
-5.181708236721877,-1.5633965751218142,2,
14.372598506034592,3.5210570032812156,4,
5.38553513732341,15.774008055535802,3,
7.145516321335283,-5.538920263828989,0,
-8.947626345859,-0.3850987303709052,2,
8.629235345065398,-3.6844398734527504,0,
-6.50934161713534,-9.269979716103817,1,
-2.0399581974172163,-9.716366997181625,1,
-1.536203397778193,-7.197339186951401,1,
14.910547202920423,1.1289603681552098,4,
6.788568084635404,6.361499749602968,4,
3.421900545950298,-5.46308767715931,1,
-3.3151211849890694,-8.029663264561641,1,
9.860155939454,4.79960285896813,4,
8.85717238954755,4.58425563412362,4,
15.970003240582678,0.48067374413992836,4,
2.926591979719154,-3.2137731837550696,0,
2.809546036864623,15.316476093347141,3,
-2.674040321830669,-8.828930746870377,1,
0.4969853507781982,-6.922635658533536,1,
7.124942771312376,-11.055321832371096,0,
-10.910357334401706,1.0431943579769414,2,
-10.944380043842372,-9.757812839441835,1,
8.611813930722235,-6.670038703161582,0,
6.542517608018671,4.120042821077,4,
-1.0352184599520429,12.207587584069389,3,
-2.9311255876340203,8.17568187659208,3,
-12.429010551331345,11.153671547960311,2,
-9.787090264161169,-11.417736231186591,1,
16.44667580504059,-0.2552705471233776,4,
8.624903684345679,-9.810622421786157,0,
-2.2784625527477957,-9.31774391872182,1,
7.962562709270086,-7.358790740698864,0,
-2.965948419754624,10.151834833497599,3,
-2.923815506032299,10.799971998799302,3,
7.1498995424381455,-8.528758722857413,0,
-7.666047589566434,-10.7543453775981,1,
-6.742593602241555,-1.414541963474734,2,
7.752557606777353,6.794394777700453,4,
-3.7371562516016543,6.7403960449637745,3,
2.288756171580182,14.715971927991143,3,
-1.0736631320879844,10.991511560593866,3,
-7.444108838651612,-0.8512696774513473,2,
6.737399361332168,5.028496714430223,4,
-4.303483301732661,9.937228910005626,3,
10.964048200302095,4.278826680904429,4,
13.004079580230833,4.030874661468352,4,
4.597850346618261,5.733996233461729,4,
-8.098358712254013,-0.32672000294976744,2,
2.036016112801793,-2.574717687136625,0,
-2.359408519532671,8.678265435909275,3,
-13.213789971381209,4.459688860187925,2,
10.38630397629413,5.9312128433294315,4,
-1.576412602020619,-8.083515521926568,1,
7.416316971444178,6.015953106496998,4,
4.692506914484537,5.28550104601319,4,
6.930934368160532,4.770058858619113,4,
-11.256044686424104,2.0118631653346792,2,
-12.514491248736665,3.1284765672322394,2,
0.7348512183977263,13.432585600681666,3,
-3.410062621820569,7.50508794719978,3,
-1.8119213754467847,-3.258557010833126,1,
-1.2080622117169002,-5.508565061348674,1,
3.056517267286022,-2.0274002958874053,0,
-11.481423782199624,13.474175639087523,2,
5.926016425756279,-0.8545348323008145,0,
-3.613339990758584,-8.441402215490253,1,
2.0676877892753827,14.77043695245663,3,
-10.006928208779273,1.8601734720536054,2,
-2.1881094191688715,-9.374008382190466,1,
9.875039620751194,4.9156286145442385,4,
-2.001554398587175,-9.196313589631284,1,
-1.1011823127916158,-7.513681424870052,1,
-6.628781871189393,-11.089085984253742,1,
-5.565755415222472,-11.674202449890444,1,
3.406178286742647,15.835729616252836,3,
12.044465527304027,4.219245279867266,4,
6.900672526322516,-9.92377860024273,0,
7.2679422316557,-6.8048753001984625,0,
-13.296535706368067,4.346963004694645,2,
6.923805448190784,5.124603324852359,4,
8.085997627981897,-10.129070257490294,0,
-3.046406334250169,-8.633575821028735,1,
-4.128130318121357,4.695243514820343,3,
-0.6452692183383177,-6.161388056590757,1,
-2.0166149030308866,8.318311753271177,3,
4.004096189137202,-1.2168049868873467,0,
9.05491384501249,-4.511360268251181,0,
-2.4823690133753304,5.3823663064435445,3,
6.089940970265469,-2.1554805720131354,0,
9.59833653015299,5.233878722751911,4,
-10.825033269165928,1.726694854518703,2,
-2.0221931533037396,7.984511767807382,3,
-1.3903370932597279,-9.00627765720668,1,
-3.1201187833649198,-9.681404366719843,1,
6.311466323313316,-4.888686970653177,0,
8.04517411131777,-5.426924997414234,0,
6.908181338276222,4.508622892566615,4,
-7.055452008627561,-0.41567462165315644,2,
4.635487016401542,-1.190428310197603,0,
-4.157027923222037,-10.468490984574432,1,
-1.3640568336343573,12.33504488186484,3,
-1.8347214502002123,11.342333416381674,3,
14.119539193000241,2.957621375100803,4,
1.2088146926020689,12.865163214022246,3,
7.9776270551807045,5.487358965080036,4,
7.523386750235091,-5.70267013816377,0,
-2.041832306634921,9.23664368144945,3,
14.545279428601475,2.6539101822629076,4,
8.051134356057903,-9.637772957101147,0,
-12.807640422512376,4.259718636411105,2,
-1.6537521949718925,-7.134679454514975,1,
-4.422761884943856,-8.351289257732894,1,
14.508146593028206,1.3938330825612248,4,
-5.408576518155436,-9.56718031101347,1,
7.305951927452674,-9.010088483903274,0,
-0.21526004621740918,-4.3097597146711975,1,
8.042052281079906,-2.873030475850408,0,
-2.8871483251309056,7.761131395856329,3,
4.393779127306617,5.552140146752748,4,
1.5078889588298052,12.950721559823473,3,
-2.1638889589283505,-8.248573667551474,1,
-1.5596869878476982,8.889390063038377,3,
6.624241236810862,-4.30719277887491,0,
-1.8503294334667215,6.98028634463766,3,
11.8711089062844,3.467238215619719,4,
6.361792953738361,3.1195307888907498,4,
10.67017653841663,4.480436065136209,4,
7.134398128735489,-13.034600941868941,0,
13.905100175975205,2.8536016711972327,4,
-12.274471908934842,4.2892164869680425,2,
7.887746776341676,-8.427097505179233,0,
-1.1841944032669003,-6.968876032857646,1,
-2.69751205277343,9.897038734718425,3,
-1.5567563671565587,3.6281196301159486,3,
8.622708553899916,-7.271186363853756,0,
0.7567644874421398,-3.8124669705646603,1,
7.983659436973539,6.040898843365271,4,
4.668277005788173,3.6289369388091592,4,
7.6350463754456985,-6.131994137085739,0,
7.640183947580867,5.6702730553554055,4,
12.731549814315368,2.8687374130117766,4,
5.6600822661058565,-1.3093770925066734,0,
-5.825405963857446,9.097911096316468,3,
-1.7823441365628794,8.031586919911621,3,
6.343349353997473,5.88660881797891,4,
-11.488753375644505,3.6799327669278736,2,
-1.0605929809648686,12.576907106783061,3,
3.44814917949238,15.120557857350473,3,
-9.274481998107616,0.8919404000906438,2,
-2.1334863935086275,7.475452130478367,3,
-9.367967484330245,-1.061689575964395,2,
-11.148872490522361,1.3823848084578871,2,
-6.616621194469035,-11.09607028627307,1,
7.757821076134377,-4.966898479239818,0,
-1.4756115167361012,11.050712828681874,3,
-4.015069326599753,-8.093921822416508,1,
-3.274806747016672,6.310112391342311,3,
-0.027326103332646623,14.352084226007948,3,
-2.8106639024519886,-6.698306657566041,1,
-12.69458021136996,-9.378345499874948,1,
10.958157141624735,5.70272546860897,4,
7.459291971646009,-10.304449378542213,0,
-12.963876425532916,5.647293029820388,2,
-6.3664624454097,-0.6879306567154174,2,
-6.983394370426133,-10.214553305485495,1,
7.0472998960688,5.4991681357418045,4,
-3.0577090031162957,9.740708436619679,3,
-2.7136004464670234,-8.60409748684254,1,
4.790334042715918,5.610204376826392,4,
-1.4582598402091653,8.318046695954441,3,
8.329788676584124,5.050377653263091,4,
1.1677743028610186,13.85806829900439,3,
8.004958094839758,-10.713405507075892,0,
-4.370053113794398,9.688337480625574,3,
16.255989661363344,0.16507261052443142,4,
-2.3696432600574253,9.485811933053256,3,
-3.558639792687604,5.437942471176039,3,
6.78748160966817,-1.3715639394459975,0,
-9.392958854529743,-0.040832934475633575,2,
-12.547629857122924,5.104919946620479,2,
-13.837866413823559,4.6089226105315655,2,
-2.1781841985288164,7.847304732619101,3,
-10.593014685331582,0.09731296757607602,2,
-8.140851186578686,0.8934274945618539,2,
-12.321112118480912,2.2062682424559283,2,
8.132305786613133,-7.803548714165568,0,
6.2321183224418935,-4.807943131792286,0,
1.7295119877230547,13.745524884009804,3,
9.183584542081721,5.2703407662130815,4,
6.4065327017447435,-1.8118700055028223,0,
-6.417848945665645,-1.3804943348539922,2,
15.21103365991625,1.5788211086193238,4,
-6.065444829174287,-0.531173858229816,2,
8.868363722002483,-7.115450395050548,0,
-2.125046004205931,3.295664970626281,3,
8.10294539897393,-3.8355290775140887,0,
-1.2305308517208933,-8.164611342924264,1,
6.215955722197794,4.1303111446209275,4,
9.88542998040381,4.378040005465563,4,
-3.6003753120194566,-1.461348537114767,2,
-2.4762874985331584,7.374942558969854,3,
8.385665126177694,5.3660335418058915,4,
-3.8358466106557163,7.8741242802719755,3,
-11.557756486894014,1.8761128936980072,2,
5.834209186456931,4.546575799985631,4,
-4.090733094808173,-0.44779516110215906,2,
-11.320415731650657,2.1256569963771534,2,
-1.9502011798135772,9.742238932739399,3,
7.876213314196767,3.9161784399982635,4,
6.9233824148751495,-5.587951736484004,0,
9.654664417774176,5.723947007635535,4,
9.055438816039564,-10.28045272202171,0,
6.657537560632597,-8.921951412097268,0,
-2.682826327145789,7.256065157412397,3,
6.11595089077408,-13.571167715976566,0,
0.5148793935732119,-0.8176715129203251,1,
-9.993646711204745,-10.282409337653744,1,
-1.8111338296833546,10.73500784210162,3,
-4.806083539067915,6.57666101994566,3,
-3.9325307433536025,-9.556536137524464,1,
-0.5344187888939202,-6.900715859973625,1,
8.380911325790839,-9.561593046797082,0,
6.7782308049116455,-4.223283321146482,0,
7.200075118236276,4.842780005171832,4,
7.202404183866714,-6.158690231984465,0,
-2.198307358206884,-8.37873046918594,1,
4.563154191565614,14.661996395109506,3,
6.006376366600726,-2.0609683774864185,0,
-0.6985109873587587,11.698217083487336,3,
7.047876673502682,-6.40468271851288,0,
0.08855770128809237,13.253417116585702,3,
-12.699364974087462,4.223759844754388,2,
7.218941665179398,-13.146107058814941,0,
-3.223142559564331,10.439788639885997,3,
8.062596305669391,-8.839018430211619,0,
7.943909048779504,4.743162022161803,4,
-11.319390820819974,1.6778038049526554,2,
1.4206015098099225,13.451697101059459,3,
5.354920390155444,4.136655288401463,4,
1.6920177448836295,14.46840300755962,3,
6.955083155086732,-13.162193516652916,0,
-4.6255846071885145,8.152470451202287,3,
11.671097294864536,4.0592167291542065,4,
-2.599519638450075,-8.008145671598626,1,
13.492969215515915,2.884790944756488,4,
8.367502909749055,5.857025162471824,4,
-9.4878491455795,2.629634659084706,2,
6.795503395581911,4.7172920755920025,4,
-4.302654622230494,-7.376393432013193,1,
-0.4969692512221664,13.023890414365717,3,
-2.2362048587365284,-8.394639392180679,1,
-3.456957423594722,8.898760210548224,3,
8.70918296312234,6.32322991556411,4,
6.756006937784526,-3.131998900543453,0,
-10.500699141731221,1.031645870058023,2,
2.5980650557486125,4.032779042022804,4,
0.4218390165786959,-5.382325000132244,1,
-2.4138327146022327,-8.123685588822868,1,
9.457809236598917,4.355393754987169,4,
1.8559869377503153,-17.488526297697483,0,
2.7517735460512855,3.583842228576829,4,
5.669206041797262,-2.4858684164445815,0,
7.952237220625465,-9.674070285797008,0,
2.5819938998213168,14.588641442486178,3,
11.006694833525266,5.432532169118723,4,
-3.402580333303795,-9.74894261152812,1,
-12.249600561806552,3.07311007584942,2,
-1.3949662705359078,-19.05938847840548,0,
-3.3271262521928313,10.002083352806244,3,
6.716082930251938,-12.490666274069987,0,
-2.1190690684958664,-8.681756099222246,1,
-11.350171730764236,2.1527749256481767,2,
9.017391631345678,-7.26835089718124,0,
8.666353376647885,4.327146737731743,4,
6.551575190617771,-4.840296023119462,0,
7.36078813409569,-5.1238263386312175,0,
6.585707040797622,-6.308778682414342,0,
-9.328167958544809,-10.042712341000076,1,
-11.194326095361005,-1.6179985617367043,2,
7.799884061098688,-6.985240812321295,0,
6.950072396369284,-3.3781398831711944,0,
-3.242052766476693,7.418910974970025,3,
0.4099029041397412,14.691143304735064,3,
5.5709084069299974,-14.199733594454857,0,
6.760252410262012,-5.9774319306414565,0,
-2.91956492611223,8.551992708527674,3,
8.65598568593022,-4.119968284516834,0,
10.627028986649732,4.4746690878368165,4,
-10.855400664070432,1.2061675944968813,2,
4.980565892052036,14.736228125049163,3,
2.7019391486488216,14.860794490956579,3,
6.510139571839796,-5.4765826827240165,0,
8.756968026551398,6.189165901494946,4,
-12.892119720167727,6.691144394551959,2,
13.794540166101072,2.044143047591767,4,
7.354287441613657,-6.870212561775512,0,
5.952792628489407,-4.427982522798731,0,
-13.737520737783651,5.809154396190328,2,
6.844178537819996,-11.574197415710799,0,
-2.805186526603843,10.314340993060917,3,
-7.636148057996133,-2.6158336164410216,2,
5.6604729378310275,-3.358291987270143,0,
-8.22274791612842,0.14944529340260027,2,
-10.507913180262365,1.7338189609072483,2,
-4.385401168337967,7.1370188841267375,3,
3.641850501866074,5.165770716414113,4,
-2.649140507141916,10.101022576184388,3,
6.860597924286706,-5.680728500163226,0,
-6.419791152059926,-11.303191221591081,1,
7.549247718022743,-5.916409609807696,0,
-1.6023226856688824,-7.410370174849446,1,
-3.1486300478447315,-8.171502072936484,1,
-3.1633632450145117,-1.5185931574210032,2,
-6.298279495030759,0.3076495798346722,2,
-5.470128101608759,-2.1625260357025073,2,
6.607539279324685,-8.955950864540327,0,
6.9757124005567075,5.6913491675701655,4,
-3.6649624055459773,-11.46834597500475,1,
6.42183512988278,4.570097575211266,4,
-8.052609253524686,-1.299591603980518,2,
-2.5802906290855923,0.08469699206886908,3,
7.291689807191712,-11.189946088508385,0,
-8.677419367354556,-1.7135546431475732,2,
-1.6524147895696988,12.04108311781299,3,
-8.916697887264021,-0.6820279291662292,2,
6.0890341748778765,4.802821135254526,4,
7.362995828893637,-9.801277418923666,0,
0.6746603777633511,3.93528572284037,4,
5.428346329143716,-3.5521941091747395,0,
-0.7720395357537052,10.350851019899288,3,
3.9624090713862574,4.977338405670626,4,
-10.744655415769655,2.058768102419362,2,
6.007990950326368,-4.000380647784701,0,
-4.329007908366732,0.11046648865588954,2,
-11.385800078934157,2.466878923252197,2,
-12.356567181366698,3.6000782706148593,2,
-11.384292649672927,1.9090430523518962,2,
-2.2925121717586068,5.822034515667482,3,
-2.2471865280671026,-8.185227293503006,1,
16.574468800782604,-1.3474229696458093,4,
-3.643479333333477,-9.167324325313082,1,
-2.5091912756078343,-8.90617969444863,1,
8.042214161568682,-8.172358354293502,0,
11.50376918496876,6.026703729845257,4,
7.562758901811167,-9.374624531313989,0,
6.140486267849866,6.014605066391243,4,
8.819039923811259,-7.297358621210429,0,
-10.025414263717508,-11.049680907087431,1,
4.225166766772007,15.158929435413889,3,
-1.1841538857569254,11.0613046125201,3,
7.068252314531183,-6.608931698001685,0,
7.062918730748255,6.168591809581616,4,
13.179804028146327,2.762975525819606,4,
-7.525517143562999,-0.17863731847105246,2,
6.918178544507214,-4.957484670683227,0,
9.166791601745109,-10.529333519181298,0,
8.191256606363925,-7.126487521862353,0,
9.43309461541259,5.197541012596717,4,
8.500335890944218,-6.19230915399921,0,
-3.975408734504595,7.760821489073106,3,
8.514135069476858,5.350400551604325,4,
13.616609949720297,1.9132507086751962,4,
-0.928378797103733,-6.797000011801645,1,
-2.708271748325704,8.629105979220856,3,
-12.71819194395604,2.8860259543431948,2,
-0.4091962959107012,-2.0112052565230205,1,
6.940576680706318,-2.8753452291854287,0,
7.818057784660997,4.912989607602698,4,
-8.134160341970095,-0.5041948087665266,2,
-4.1681771965717855,-9.66516304656504,1,
5.433793554278513,4.817623228004041,4,
9.361651664633692,3.8248428256265496,4,
11.200473470565171,4.712744276273817,4,
-13.613287502090097,7.691282035818583,2,
9.61234214807875,-9.188451637624734,0,
-8.722346216239545,0.3267682057145515,2,
7.058112883537265,-11.305127318921164,0,
-2.523133916155814,7.746229584260025,3,
2.9192943536523526,4.321021030214778,4,
-7.902846166378782,-0.20701827287480234,2,
10.2477556667004,5.594782984123038,4,
-4.145878340335982,6.460760527000232,3