17.86991423837147, 0.41905317529198194, 1,
-6.029502199976523, -5.578844052289458, 1,
-2.910663312122471, 24.59306990504888, 1,
-7.1478513924882705, 14.283243479480216, 0,
11.392893741713591, 4.1511907395965455, 1,
-0.9936683985395675, -19.154045685120202, 0,
-10.757016424724625, 9.663600411709819, 0,
-19.002532069304387, 15.508001611348638, 1,
6.511274454757131, -20.744214245923892, 0,
11.445106509433653, -10.209372672772773, 1,
-10.959570069944803, 6.78559529814771, 0,
25.193113604158643, -13.850872096697652, 0,
-26.619990812595162, 9.782948168302864, 1,
3.004370963009454, -8.961050475634922, 1,
15.138836962322817, 16.7805984037275, 1,
-14.595355606925088, -7.0616010936810945, 0,
-9.8988680186585, 20.32777303733875, 1,
29.821524586575944, -9.740113744435504, 0,
3.2515477919148417, 25.30651745143088, 1,
10.278384171906254, 6.783665723726337, 1,
-17.55807063826698, -10.51939742706005, 0,
16.9687306396868, 8.002109021091888, 1,
12.015377874945136, -4.1807524344286415, 1,
-8.224224350631054, 9.551783859438947, 0,
-18.405527980985802, 0.4163292481878649, 0,
-4.5539156091496835, 8.488382948917677, 0,
3.381494352359903, -12.312149025754273, 1,
15.08189509753645, -4.307259137654882, 1,
5.594877851283855, 1.5477173974274514, 0,
13.289190603495909, 16.386799788922364, 1,
20.49232824631576, -17.352682166250812, 0,
-20.26603453575845, 9.839014127348452, 1,
20.026864105011725, -18.19752950587867, 0,
1.7042838954856823, 23.84488002460697, 1,
11.683857747474287, -7.93554521160616, 1,
-14.297930409446206, -1.8485080661087459, 0,
7.3996378218704795, -20.75175496550964, 0,
1.031402846163945, -20.83889638356511, 0,
-14.070723443016375, -13.424523678824908, 0,
16.481923906700278, 17.259458037816767, 1,
8.428129967679432, -7.098399463296782, 1,
7.035046634185842, 12.323493196913098, 1,
-12.229802525915208, 7.32677081608397, 0,
9.619586107286066, -8.70566367414982, 1,
1.3544361534781335, 27.138398781866165, 1,
9.81971768312903, -19.81097158881456, 0,
16.84712304488498, 2.5156065812620443, 1,
-6.226242566167965, 11.96022443359574, 0,
-6.749422560690284, -23.149076736011164, 0,
2.7206896055044263, 8.817335632156599, 0,
-9.056564775963166, 2.5741638818592616, 0,
-3.649820835384666, -22.823815365714594, 0,
10.736326094382962, -22.16000918134683, 0,
-25.84861019391991, 3.706085536443272, 1,
24.597262227164595, -4.021381333434135, 0,
25.880057864009455, -3.655741905664264, 0,
-1.8785697385828675, 8.774909389323021, 0,
1.641116022999265, -19.860715868909068, 0,
6.366515903280802, -12.358287172262926, 1,
0.636373596945591, -10.652060685355272, 1,
8.87549996848874, -12.858221574842403, 1,
2.3467985380149914, 17.955324585288253, 1,
8.92366904297565, -22.43068556140277, 0,
6.3133664289671, 17.68859397272154, 1,
-16.55902131251331, -14.066510380185932, 0,
23.382992821208774, -7.603560325038104, 0,
16.10452634283673, -19.97907094034764, 0,
-8.226728454151958, 19.601841924989028, 1,
11.241125863257583, 16.187276334749868, 1,
-18.007160039071316, 18.71935958674159, 1,
2.117350613850858, 3.206698121808655, 0,
-26.430104111335552, 6.316280414873749, 1,
-8.737709604812611, 12.421266868845803, 0,
12.311404172134221, 14.893760577236105, 1,
-3.621459423705655, -9.046620024904353, 1,
8.055461296533178, -2.864300555855502, 1,
0.5166439481259923, -27.619684042156635, 0,
-4.9037647267493325, 27.055431877693696, 1,
-3.0470132019422804, -4.745505847185667, 1,
-21.46744768854831, 13.228341723484359, 1,
-18.71522686056753, 18.904514968301356, 1,
-1.5186174567591089, 12.01108814326236, 0,
-14.735469754644571, 0.0864761800670113, 0,
1.5911052300738795, 19.680886165313854, 1,
-29.012303852341503, 2.0033393118375513, 1,
9.913215522770482, -4.527554784316999, 1,
-15.272228887699013, -1.6021352762372905, 0,
-12.25469345203052, 1.7243718987202339, 0,
-8.636105824596624, -18.493934648557868, 0,
23.279354266563786, -8.624937535540514, 0,
30.947276909549775, -2.7285925338481327, 0,
13.690422705274528, 5.372390696610999, 1,
-17.483291140811833, -5.004997493523536, 0,
-5.882689772716026, -17.43306614080565, 0,
-7.737588910088249, -19.48698322125052, 0,
23.57418685932886, -11.254945610560073, 0,
10.382191766007246, 10.380867390820388, 1,
-15.682407248607996, 8.74777056525878, 0,
13.451189374925537, -12.637658230879385, 1,
13.372527264324656, -22.49922478026036, 0,
6.702231570243875, -24.15744591092278, 0,
-4.872411778489729, 13.910252205344145, 0,
15.591763533023087, 11.317742434775552, 1,
11.80880484579804, 3.694302318126357, 1,
25.49458263441565, -4.167790602113865, 0,
-6.464800247247309, -8.404655701770468, 0,
27.664787745864555, -6.430864746140596, 0,
1.1801891785803047, 11.307218900991234, 0,
-15.259473953232686, -14.257111339328434, 0,
-14.784746283190653, -14.213251460865278, 0,
-30.707566762704808, 0.09912686450372288, 1,
18.54202879679901, -12.26553902019842, 0,
-4.011040580802259, 2.586279467988534, 1,
26.06851083276667, -10.404802795830918, 0,
-5.562717612849342, -8.33308790095966, 1,
-4.978795972872293, -11.236702222004919, 1,
-2.293544327645664, -19.798134247695685, 0,
14.936405824537523, -16.66001216285039, 0,
-23.125940067135303, 12.043512274959914, 1,
-15.170591923879389, -7.467623796222029, 0,
10.392984920036088, 17.561996964673522, 1,
-4.2725313686297195, 27.86095777065612, 1,
10.518551108281615, 20.37853817816912, 1,
-11.341311664946065, -19.15727256778032, 0,
9.50421396909636, 12.506571026949718, 1,
-12.64334586654305, -7.955728997125884, 0,
21.991658950551166, -9.035850261286622, 0,
0.3025027482845988, -8.447611044159908, 1,
-9.370068564236878, -12.834281665212243, 0,
-17.07094472162109, -2.769137189778138, 0,
-25.272547032244017, 10.013162950384467, 1,
3.2012349696429654, 10.09647775129318, 0,
-18.141092376488892, 15.619030196878887, 1,
-9.62840537205363, 20.915490265147458, 1,
-7.1736157964837215, -12.326201232531321, 1,
14.169621320318832, 8.260587018517516, 1,
17.8125574181893, -16.666280059374994, 0,
-19.94433408830527, 13.903094768859784, 1,
-7.513862228890478, -20.41246751023311, 0,
6.880473267252096, -9.62647900959591, 1,
-9.58592739855908, -10.452067712398101, 0,
-22.16504079781202, 9.42983979355968, 1,
21.002529258661504, -4.948077932590435, 0,
-3.099214423900176, 6.743025043900452, 0,
26.373421480141854, -2.3403582017864917, 0,
27.407989069183564, -7.491701319481335, 0,
-20.2339900038021, -8.066536588045098, 0,
-9.519718208785765, 27.505337022434826, 1,
16.80496046531696, -9.736491884256367, 1,
19.589056028336564, -23.950849249836885, 0,
-11.033186767553005, 5.983228814849455, 0,
-3.0577260513145004, 21.439372236735206, 1,
-21.05943506526773, 24.799715152641777, 1,
-5.74850642843541, -17.653580304727726, 0,
20.369559955574573, -14.88985686625151, 0,
-13.55789527323374, 13.775211139777728, 1,
1.4952702142640526, 18.461892191958725, 1,
10.147312947387887, 16.536460588950778, 1,
0.1054994622811618, 23.286804704502632, 1,
9.803999688397521, -22.427827592055433, 0,
-21.235608337435302, 10.685242560548538, 1,
22.149645209975986, -11.956039786403855, 0,
-8.601896258657785, 6.018937840746372, 0,
-15.01094302225818, 4.584068224842736, 0,
21.564668960832, 5.002763419944953, 1,
2.8969698909895603, -11.013483178166256, 1,
-18.363819029931726, -13.143425556893174, 0,
13.245873915666325, 19.155238506788166, 1,
0.2297363109759677, 10.604393345693689, 0,
-4.8758830579746135, 22.51126835304807, 1,
-0.8484284849433474, -6.078542177710933, 1,
5.737567146075894, -6.801357834024444, 1,
-24.14184604258736, 11.019682511619163, 1,
-13.389574708240694, 7.0040246322699105, 0,
-6.91239766430018, 22.810039766700378, 1,
-7.328017719932516, 4.817025712351917, 0,
1.2615603194627791, -9.09563254906121, 1,
-9.18818158675116, 5.438262702860164, 0,
16.644557541378383, -15.288592311750184, 0,
21.089595595195835, -10.372462266437847, 0,
-22.863170179899182, 9.018271403920295, 1,
-2.259440062281536, 12.749910763470524, 0,
-3.67941120846132, -1.9479719640217632, 1,
13.59265049739571, -2.2651016213392214, 1,
-18.266555688088445, -2.1538399820394485, 0,
20.114803886482232, 18.220383065384947, 1,
13.01185596507299, 10.073464277248215, 1,
-4.648642685553254, -22.630748174063875, 0,
12.41480324991879, -22.097197343252848, 0,
21.462395809239347, -14.397956623051668, 0,
-23.156679523107883, 22.267720866025194, 1,
-14.870597399119173, 15.093281447612181, 1,
-7.7817589113909085, 23.242949495673265, 1,
11.068457742591166, -16.075043135058475, 0,
7.5139440534270525, -19.57646352432649, 0,
13.108061263080334, -5.444527836450622, 1,
-24.61514268034198, 16.795481983589248, 1,
-11.567631827124224, -17.845342009942275, 0,
4.775306819175594, -9.982552949835087, 1,
30.11999237346863, -14.280822051427243, 0,
-18.672459443874903, 18.595157702798577, 1,
-32.143880955062855, 2.7590521535595047, 1,
-16.843459589620085, 17.588246945731306, 1,
-2.028383286498575, -24.58651729204061, 0,
18.159730992496215, -19.80293339533434, 0,
-5.208600722190909, 22.19139607807371, 1,
-12.420746935757302, 23.06856962828365, 1,
11.59329052997051, 11.782221710815872, 1,
10.890110908340581, 2.241708626931123, 0,
5.30741784867867, -25.333972103806644, 0,
14.739641840896052, -16.001512867045193, 0,
-6.084998368340941, 26.018830530223454, 1,
25.158884464586677, -14.65206751413281, 0,
3.4696152550094244, -17.794794677979965, 0,
-10.898824177221458, -14.029217474366972, 0,
-19.311235073626072, 5.001676678753263, 0,
14.706953247693047, -4.774286617170631, 1,
19.486660086263637, -11.256247539350502, 0,
-8.72022616621383, -18.30314101302361, 0,
-0.36283745503146925, 5.752263747547124, 0,
-10.92503397032606, -12.85340388453185, 0,
10.709997245194733, -17.277804384090032, 0,
9.281287804391646, -11.639793772572276, 1,
24.91515958883334, -13.19242472964294, 0,
10.98246454680978, -8.319317827171634, 1,
11.42031278446612, 9.477733101710712, 1,
-5.892026086704301, 9.752880030368862, 0,
10.90107246312616, 1.2709442674599583, 1,
2.0553773000699245, 14.060800299755098, 1,
12.271756222357377, 11.504412314694264, 1,
-27.93474004535567, -0.8442870894347692, 1,
8.958454756149397, 16.17680859345624, 1,
-16.015436978118508, 1.0710386798657638, 0,
-10.451875572669698, -9.874525319690711, 0,
13.244097644001995, 13.346905740547783, 1,
7.085723629981859, 20.5397046106578, 1,
-29.71128510219782, 7.551490962502009, 1,
24.099623710878667, -11.843204169805901, 0,
12.334884116685483, 17.32745243555274, 1,
-21.077113112775308, 16.917665742717137, 1,
22.28281992661951, -0.5253745073632641, 0,
9.880651068822443, -21.566193501366868, 0,
-4.959763581308942, -22.224421632105607, 0,
3.403853568217137, -0.8958857348014386, 0,
12.229842687631056, -3.141573723286137, 1,
16.07890992128491, -3.295364793118102, 1,
3.7520513667802784, 4.137285174406548, 0,
9.73923867509291, 17.621349127856153, 1,
-4.907053172947841, 21.464648122217902, 1,
-24.931365764377535, 15.347680996692484, 1,
-9.235388931232604, 10.125282493616742, 0,
7.07167153143164, 4.670132437393383, 0,
-28.487918341561226, 3.399967919123222, 1,
-11.047076356622675, -19.211462885515168, 0,
-15.607891313348503, -13.349384938422421, 0,
-0.7784055715755127, 25.010180655711316, 1,
13.778360066415658, -5.105310476315883, 1,
-2.3238833555568617, -9.950670692602223, 1,
17.796213653177286, 13.785589378575423, 1,
-0.26233203138538164, 17.392203353467725, 1,
23.938893524132716, -16.042153825400135, 0,
17.38814966230312, 6.162529266830077, 1,
14.02286172890839, 23.056239247404392, 1,
-10.341708179072869, 23.125788597696335, 1,
0.3507122970534198, -14.544776480753754, 0,
-21.00308624101215, 15.960717756653484, 1,
-1.268823781859471, 16.317974242012532, 1,
2.9059180264012046, 24.899813683463766, 1,
-19.599464800002668, 19.084225779913737, 1,
23.24721184221229, -1.6211818533261755, 0,
28.580450967843376, -14.500167738713017, 0,
2.1628991327480387, 8.676388644174194, 0,
-6.482679995667485, -21.195338373777627, 0,
-23.98418594854473, 9.861883683777554, 1,
29.213641036571026, -6.134401970579194, 0,
4.1481582572353926, -12.81236540520851, 1,
-7.863694509160233, -12.679243611752202, 0,
-13.394008122610082, -10.671463726053101, 0,
23.309981958592527, -6.781967623216733, 0,
-7.524367708074575, 9.721762399587073, 0,
-22.934320469023866, 7.103620885954957, 1,
-24.48653775347272, 11.957241267003651, 1,
-5.574751394577387, 25.702063816481257, 1,
-23.38390682472441, 7.654266813075724, 1,
8.223214891734163, -11.670531480329709, 1,
23.090953362119624, -6.848187092594839, 0,
4.1188289463964, -20.373901363247125, 0,
13.58462211772324, 13.66791480570929, 1,
-4.132849976369753, 16.965254660358983, 1,
18.726893877916513, -21.204486091444267, 0,
-14.054481718369306, -12.301837040460198, 0,
11.66401291356448, -4.512861238588212, 1,
3.988488667166971, 21.4335471393821, 1,
-5.8555647716051915, 17.397375090126516, 1,
-11.758820707751118, -9.034007893043391, 0,
18.972406537330304, -8.787904804126699, 0,
-32.605363267955035, 0.604568126778912, 1,
4.95264081839061, -8.271078358283054, 1,
-9.208643327535961, 8.370160268581277, 0,
-14.475006382725699, 20.648302586207958, 1,
-3.1162681458745505, -18.262433713104677, 0,
16.488506365345614, 10.84479773202205, 1,
19.718822487617327, -16.05289018195103, 0,
-16.351825487373134, 15.419900522701052, 1,
-14.265877176722297, -0.9826248251855461, 0,
-8.536378511705944, 15.166130594687207, 1,
-17.62605666348979, 15.29907399245202, 1,
-31.46443701696939, 17.490542546391875, 1,
-10.343342221279197, 5.860769810905056, 0,
-9.443444810982065, -17.225095764792552, 0,
18.29807602167882, -3.7589445203943592, 1,
5.512256021528708, -14.526552970475954, 1,
20.880328955204, -18.476982815594194, 0,
-15.496544643998647, 1.59840749587255, 0,
13.683520864010934, -21.622129074453184, 0,
-18.760271926519593, 7.3265416948303415, 0,
5.31628628157773, -5.759314067140314, 1,
-28.913027329759284, 8.9610658272863, 1,
16.07750000277312, -15.199945739755362, 0,
-11.22345192123091, -4.176071885414793, 0,
-8.62250192537022, -19.50216055624852, 0,
15.621026150112463, 20.77093849841483, 1,
-6.762046840732277, 19.222632113499515, 1,
-11.649907882657788, -17.36315972589564, 0,
-10.289733681395953, 18.779031122785657, 1,
-21.810540860135955, 13.584384772035378, 1,
-9.561025393909873, 17.679724306984053, 1,
-17.324047507326064, 18.804553209631955, 1,
27.7464479857808, 3.8770557192759147, 0,
9.955387240709335, -4.846109223193781, 1,
6.49848675099485, 24.302075908323793, 1,
18.405609354525954, -20.076804852470808, 0,
7.723681762754539, -5.179527096756455, 1,
-14.720080382681486, 9.621548085505967, 0,
-24.09543796906286, 17.753981449649682, 1,
-14.998845278211148, -10.570682678197231, 0,
23.39403852265934, -11.460764476215726, 0,
-4.805638376965787, 10.598268257282529, 0,
-1.6819243372853934, 10.03039744067246, 0,
-0.4619432201418082, 25.273761316816604, 1,
30.590168596428107, -6.194040887280612, 0,
13.726975530876157, -3.6841862528676885, 1,
13.789664571651532, 10.84527372790903, 1,
-20.072208155215144, 18.87284251825228, 1,
24.375836340492974, -3.521381709049737, 0,
-0.9534268642150665, 24.39493561855491, 1,
-0.8215522982319914, -24.657971480357023, 0,
9.16914067315584, -26.236040858468087, 0,
-3.5179950016000525, -14.143061510620756, 0,
0.13859482408612234, 21.527695857294948, 1,
11.801197821777096, -1.162128447439858, 1,
-16.97687052390696, 22.447911845423036, 1,
-5.087134014594124, -18.529959483591185, 0,
8.018699937098742, -8.270002000549562, 1,
0.4067077719796899, -5.442158682846561, 1,
-10.370122619289731, 5.618311737079985, 0,
24.85527553306175, -15.91230616624117, 0,
-19.842296767247724, -5.174085684318474, 0,
-19.746761318595215, -9.093402582916017, 0,
-15.420573772932002, -14.07706709818009, 0,
13.630396522151177, 11.443779868135195, 1,
4.671857607542065, -22.6509222716374, 0,
-13.634779769217527, -3.4443172827454074, 0,
22.930404324585126, -10.592108028782704, 0,
17.84027446286543, -9.605973391573668, 0,
-18.061575656877977, 21.715480311165642, 1,
29.727969405389725, -7.294069583770303, 0,
6.232499886337445, -21.946114392872776, 0,
-13.78142360387935, 0.5062954269104183, 0,
13.501049377187286, 3.8801391682890367, 1,
6.942746798272711, -22.13695511576636, 0,
4.257874465196217, -6.790288565518926, 1,
26.414555283618107, -4.766882814880073, 0,
-4.71823525906935, 2.9703594282741417, 0,
24.51504649776726, -17.188131507952875, 0,
13.662761744213531, -3.65761380443229, 1,
8.902313139596153, -16.008895212721725, 0,
-12.392979262824241, -10.508483464122229, 0,
-5.216196077002382, -14.705707784802275, 0,
10.361918145395082, -8.863544628743554, 1,
-15.113990298416661, -6.455664196378632, 0,
14.803898315512075, -24.195036134831742, 0,
-8.316795877632423, 25.184845641033498, 1,
-16.92960235325367, 3.342739007808121, 0,
2.3596559366170684, 8.634268036656799, 0,
7.49255926132116, 16.89241056909423, 1,
17.725702139635054, 4.921522804038681, 1,
-7.320642469930284, -16.128399120719777, 0,
-3.421750235125731, -18.100188269762857, 0,
-7.696843487927171, 13.26278820928843, 0,
-17.29916141785958, -1.5698863334780095, 0,
-10.326077732797755, -13.504551683840843, 0,
-0.424505148324529, 10.014234750864297, 0,
14.082248715707829, -14.043025889452029, 0,
-12.493977171693063, -16.55684389733392, 0,
1.1789184101079484, -25.251905434246872, 0,
-11.447951291463966, -17.27784479379949, 0,
-10.184161650835211, 0.8609004792990236, 0,
-6.585327838092388, 13.973269482548337, 0,
9.65797931267723, -6.332124823545045, 1,
-10.493736362190278, 2.716824150501911, 0,
26.68534736878681, -4.3911861042478115, 0,
-7.568425912812058, 9.315905923256032, 0,
30.846139988852038, -6.858599756081388, 0,
14.021564955322217, 1.045392303312028, 1,
-20.523011642503654, 6.1322788402371495, 0,
-18.809241021556552, 10.352576090399126, 1,
7.632109368223288, -17.23840671323203, 0,
10.281124163165872, -8.427387222643166, 1,
-15.183425345840469, 14.969487013899768, 1,
-9.670531821577594, 21.39487009339095, 1,
-24.597714131057693, 11.37816600309982, 1,
21.315837319842668, -9.839508631891707, 0,
13.67141955440995, -4.800011616369158, 1,
0.9842485616133942, -23.532464213199574, 0,
15.203175600110972, 2.177161692091796, 1,
16.68935906769111, 12.298492200394918, 1,
-22.5578702615122, 12.872335640364998, 1,
5.666103427905656, -23.890365199165746, 0,
-20.562470066999023, 3.811947535578292, 1,
15.130187039062486, 7.077882590334849, 1,
6.886760770847985, 23.569337276275665, 1,
3.2983545258669245, 22.68329318865119, 1,
6.141184958066613, 14.622585889739401, 1,
-20.093253020279, 12.82358986630257, 1,
12.264923614811448, -0.14121692937895292, 1,
8.601024972946579, 11.16330539680039, 1,
-3.6100649692497426, -16.160597966336425, 0,
10.368041738518816, 12.658935779279693, 1,
6.086040960252646, -20.75517914792323, 0,
16.638992520591007, 8.473117109683317, 1,
14.09732818237132, 14.888555002982022, 1,
-14.696229455671872, 1.4167707890839947, 0,
2.0567114860264093, -13.698317575752029, 1,
12.583627083170168, 16.20492275729369, 1,
-22.04304134404125, 9.93595683424126, 1,
17.305696495974612, 9.972700224699231, 1,
-17.752410208123866, 18.62053988609191, 1,
18.947698041351313, 12.878760580320707, 1,
-19.173724368931307, 15.26516381044962, 1,
-23.79292544976589, 12.536464789810607, 1,
-12.326081856409532, 27.506877056986852, 1,
-19.800715210216843, 6.539045255763134, 1,
11.396815579177014, -23.861659238796452, 0,
18.893644468697236, -1.2686275254246415, 1,
24.546925377188934, -9.869722057304642, 0,
-16.234099531633913, -1.6732732788006595, 0,
9.396122343588312, 21.198382750705285, 1,
-12.731996647637136, -2.8088528341403993, 0,
-13.67595730218005, 22.44205931625, 1,
-10.932335116618198, 22.690076821058604, 1,
-17.059753854870912, 6.5921374910418935, 0,
-13.085246525951247, 10.273408496603386, 0,
29.800134378735557, -4.122705067053388, 0,
-14.26903215026126, -14.08358975467881, 0,
1.261677664589076, 10.862318695251254, 0,
-12.709556645161376, 1.3806698783842137, 0,
-10.052064445854544, 20.722154182999176, 1,
-17.75814514263748, -14.702251969414885, 0,
-9.893333035193276, 5.131516587688052, 0,
-16.169787599984197, 7.35039994532659, 1,
-5.109553011162066, -8.117715577951293, 1,
-4.497818881821184, -24.074570960338264, 0,
10.790148736435716, -20.941457541078098, 0,
24.809378333256884, -4.1517782218843164, 0,
17.818314818318456, 10.94342049105153, 1,
13.559421849191946, -23.296437295840406, 0,
12.221202108776627, 0.5983175171840549, 1,
13.330456856447938, -17.96583023355326, 0,
-21.476815719878797, 8.891411183934286, 1,
-17.39518460537827, -8.32948179582478, 0,
13.83316316609937, 8.772468393798267, 1,
-14.594162786785922, -20.511155100600938, 0,
-25.653733595418416, 5.976270375431199, 1,
12.050479683618336, -18.206436640435314, 0,
-17.064357553584976, -9.299648355475549, 0,
9.774025700851467, -18.00060153854997, 0,
-12.746237913925718, -0.32346818350418904, 0,
18.708627462926216, -11.076189976675622, 0,
0.31185385148293143, 5.548274711700574, 0,
0.12634799789349005, 4.46799596737354, 0,
-16.77799256705452, 18.236857350448023, 1,
16.776947271541474, -8.869122939669086, 0,
24.29694546670335, -7.949504466794936, 0,
1.2762606419256068, 8.263438222470558, 0,
12.757102718127769, 14.529137649040539, 1,
-21.593989221839056, -0.7209608875528826, 0,
-26.754022311742013, -1.9266383980663915, 1,
24.928879466137005, -17.762448157972372, 0,
-9.09572152847295, -15.836977935111628, 0,
-20.864922702444233, 16.63428962135792, 1,
-28.320917982306362, 16.03527480330933, 1,
-3.742573257289078, -9.106327419360186, 1,
19.105458688096483, 16.006649564916714, 1,
6.545829126644517, -12.892879062756187, 1,
6.082998013512592, -22.68997640904319, 0,
-20.320886745543362, 16.107637887428083, 1,
-13.439085937800881, -10.200639144196709, 0,
-17.075345935313656, 16.997070292466073, 1,
-27.997998221558134, -5.141796314681523, 1,
-16.556833337839038, 4.924533030597177, 0,
-13.683912792954342, 11.056660071517781, 0,
-28.556933872456234, 5.408170830349962, 1,
1.691121002661851, 10.250155920943547, 0,
2.730716347075947, -5.896913046622005, 1,
13.388886972346603, 5.417350659628498, 1,
19.56379784102908, -4.57437115990768, 1,
-20.322699657201476, 15.528368388299889, 1,
-0.5842349670760338, 18.910520474616852, 1,
-14.962885366228386, 20.77835680209494, 1,
2.8424956292822388, 21.49652554460082, 1,
-5.715909075255368, 13.17829952057491, 0,
27.170918607540212, -13.504245196754942, 0,
16.34631114056786, 4.455398503671548, 1,
7.113190886038731, -8.840438907201804, 1,
35.95170437266038, -0.13895656666110834, 0,
-23.74674402936648, 6.166202401646653, 1,
19.20185452925319, -7.486954712607892, 1,
-7.18036940142104, 22.75929408627864, 1,
13.01684351469525, -19.462220670229993, 0,
-28.568643711265587, -1.9309927289429392, 1,
-15.493966926089517, 25.092795086129684, 1,
10.695945339645878, 8.786038710225366, 1,
-15.713860041351303, -2.8986621680070073, 0,
6.490816539231373, -6.953729697494122, 1,
1.024999676362588, -25.95331321344532, 0,
-2.8374810941244513, -6.567589728461666, 1,
31.165930576599422, -5.796572971696028, 0,
-25.67020237021372, 8.63408264622868, 1,
-16.118606709426306, -18.847893880556654, 0,
5.7158457037757575, -7.651627232081689, 1,
12.351335455854997, 3.8605571062665724, 1,
-31.484568984002237, 12.493741937083572, 1,
7.9388506496096305, -23.16389529948719, 0,
-3.445061171498052, 5.842454696539803, 0,
-1.947809318686366, -23.116255926020557, 0,
-25.96958076800593, 8.170175889799545, 1,
23.593466880542525, -9.481469948529982, 0,
13.99572856692863, -27.47700860352174, 0,
-5.395304595604587, -20.473661847675558, 0,
-26.95075460635938, 4.4455955891554595, 1,
12.483945104223832, -1.4378238243419532, 1,
28.06791047125074, -7.0690110114386, 0,
18.18935099276726, -11.995466209142222, 0,
-4.381926489074156, -5.267409383934696, 1,
8.759770731821481, -21.072242044250515, 0,
-13.067642889372623, 4.2940249739522605, 0,
13.29231453564299, -1.0422232326555756, 1,
3.772273242533333, -9.669826322007385, 1,
-0.08270566818025493, 23.87999388041993, 1,
13.807851705878823, -3.6080722304331623, 1,
17.860202093775086, -3.290296562550976, 1,
-19.015604347430966, 7.813473428365029, 1,
-3.2883832642079494, 13.755092855566193, 0,
-9.540103212827251, -13.246870098399455, 0,
5.294783597522624, -5.7796174318188225, 1,
-11.522435795510624, -17.29924655099117, 0,
9.466317601769848, 17.501712533887257, 1,
0.30394072325310617, 21.166641875584, 1,
11.404661642686493, 11.659081850070017, 1,
20.65753015971682, -16.541085367814677, 0,
22.382651131303923, -10.291270102202827, 0,
-21.17954159283176, 19.71469010028986, 1,
18.70912026324264, -21.02701489026038, 0,
22.246899508797963, -15.996771589581341, 0,
19.459554601670554, 9.276112834128531, 1,
8.621734601292115, 20.496588667385407, 1,
15.7444062832199, -1.5158667250919908, 1,
-1.0380520045274766, 19.327732806625708, 1,
-12.056531569297062, 3.3229669888944278, 0,
5.263577320667097, -6.133678471999392, 1,
-16.510548702197255, -4.883635473315833, 0,
-13.58247952679646, -3.2783450237002896, 0,
16.935892090895678, -16.570758880763233, 0,
9.041101756307938, 0.3472377557370332, 1,
-28.902665832485702, 2.7669000743034227, 1,
-9.051678012597005, 24.119959012820065, 1,
-15.961545655751646, -8.89989634392415, 0,
-26.773941725753282, 7.98540573326842, 1,
-9.214566431743956, -19.67362339420628, 0,
-9.674329162252462, 11.45221512830959, 0,
-12.871474270000732, -11.326661812147153, 0,
7.6658184957308055, -8.820493605804499, 1,
-26.417458684090104, 13.829545114920556, 1,
10.828297521479897, -8.262062665406418, 1,
-5.7640601626553, 10.526292411675911, 0,
-14.993989693168944, -0.3217300762885311, 0,
-10.515548357448443, 3.3720035537954853, 0,
-17.246092308444084, -6.143820040611909, 0,
-9.621194974560504, -17.57004967246771, 0,
13.213185962182731, -7.9779348959261265, 1,
-14.423887029169775, -6.054686584610259, 0,
29.71136901125457, 4.509935566389981, 0,
-23.055366023978277, 14.346182454170341, 1,
13.467494201199603, -17.554093831214853, 0,
18.498419519167147, -17.231678603545767, 0,
7.228925856542867, -16.631150446809805, 0,
11.728950337806792, 0.37567033177530174, 1,
-16.282890176386296, -1.0578911380583227, 0,
29.051423592833153, 4.082362055202665, 0,
-3.9041439746274134, -16.63889938002515, 0,
7.857635892606563, -23.00369913200007, 0,
19.63915060998848, 6.35999611862269, 1,
-3.64740904856065, 16.981038183428478, 1,
-15.610077213362494, 5.05323249003702, 0,
6.194242217642401, 24.180524139377404, 1,
-5.995600409787982, -22.57484664425478, 0,
13.876169595830508, -2.4109940794384337, 1,
-20.32926622218965, 20.19306839595648, 1,
-4.735201679406418, -3.43290966477986, 1,
9.618955678354595, -9.459165519418518, 1,
1.2847700276120317, 18.593985016660227, 1,
-17.994405067793902, 2.961197084523415, 0,
12.479945463874985, -4.973467725043957, 1,
6.1885771471365905, -9.31320636291635, 1,
17.276583337026256, -19.942666524042977, 0,
-13.867324706958145, 15.984617860562441, 1,
-2.9792923210322595, -23.075023600899545, 0,
-14.174958763116376, -10.377463872642641, 0,
14.386227799111579, 13.650207156407781, 1,
15.71932304064028, -20.657255963451647, 0,
-15.351926150625133, 0.7154781014779523, 0,
20.571754045112627, 4.031028142312426, 1,
28.681019377885796, -5.915449814231013, 0,
-2.457447727621116, 23.047902320988904, 1,
-14.99633387615082, 0.6801608656273497, 0,
-25.4234525077601, 5.844348482040198, 1,
21.44693222774799, -20.58884890900204, 0,
7.711443939650838, -19.185642710718604, 0,
25.64118354477822, -8.81536066739883, 0,
5.640051270171242, -22.757614518540052, 0,
-2.5059930507363255, 13.753635588181313, 0,
0.19475344867997513, -22.724035934023227, 0,
-11.98480497900016, 5.587442543203864, 0,
10.245630157868622, 17.529321351477712, 1,
-8.993033118375363, 6.453318732492119, 0,
-9.187905209834504, -11.021279711062949, 0,
3.301509712481885, -21.671238082797142, 0,
18.750352158112612, 5.585785897044968, 1,
-0.8936018369137759, 12.258654630447072, 0,
-7.419894604584766, 4.363072829652775, 0,
-6.951399963463485, 1.2321020667197269, 1,
11.426294342980299, -4.383272490101794, 1,
2.2661543172023837, 18.22273767282452, 1,
3.7537069417548636, -7.276781718552496, 1,
-11.895237187349345, 10.833350581851864, 0,
-2.7109756356459673, -21.40149975110733, 0,
9.889676845406346, -10.353454777445865, 1,
7.049670559164332, 13.715088907671689, 1,
0.7533973793410866, 19.042135865714943, 1,
18.483158078660612, 1.6799416417630115, 1,
-11.550693646690927, -12.576335543849071, 0,
-20.709711414312718, 8.365486460580447, 1,
-12.366627072253856, -4.062577505131681, 0,
6.8981594345635, 18.417113651993084, 1,
13.612060611891302, 1.6643880259513164, 1,
5.6937675335873426, 17.228832668898967, 1,
-16.681053759239603, -10.831109548890094, 0,
5.445423484279237, 17.873192362784494, 1,
12.690371652493138, 18.49745867687277, 1,
8.313027142123406, -8.779848974263645, 1,
-0.44488827342876736, -18.423719772477362, 0,
-7.48946917148476, 20.40814775991404, 1,
4.943566547744479, 11.446198321958228, 0,
25.806903778408348, -9.58223100209981, 0,
-6.764555653415899, -16.123106196217563, 0,
-19.589046033544818, -2.5832065447900634, 0,
-4.764654258204141, 21.88698125135249, 1,
-13.110807477718716, -4.777775711538308, 0,
-0.110342431851715, -11.191924008156779, 1,
12.165641549514875, 17.94133964790543, 1,
-13.018009874824521, -12.97903675107097, 0,
4.587773938365784, -9.761319506636651, 1,
1.1192762730808132, 19.8179671117914, 1,
-2.8102310093651455, 29.407977734197022, 1,
3.699234322429758, -14.063056323003318, 0,
-20.89794178504362, 10.762458931275773, 1,
9.858783287065132, 20.163102336471095, 1,
14.782659039796, 12.412282158858911, 1,
3.4295331027215226, 8.260702002232861, 0,
16.588146655309437, -14.165392366524918, 0,
-3.769792292455718, 21.671102231954677, 1,
-5.236257331872542, -26.197632512781638, 0,
-3.222970867668919, 16.138047886406255, 0,
-30.004881121923095, 3.0263404539503886, 1,
-9.961100053836754, -4.847199004078572, 1,
14.106484804965254, 2.5803707384949197, 1,
16.67590812617045, -15.002550068522323, 0,
-0.9869193895127735, -22.53902439865454, 0,
-14.214558130419455, 2.603085824955416, 0,
16.278745112584392, 9.13254701466811, 1,
7.54436536681626, -22.131081792963492, 0,
12.510414696535218, 13.96709903283379, 1,
-20.439442860626343, 20.222872632044375, 1,
-0.5521690748823933, 24.94805209371211, 1,
-25.839521565778576, 2.6254312625197214, 1,
23.34784061653744, 3.4804539378500414, 1,
17.261415877608833, 7.7297822483177505, 1,
1.2457072140751397, -21.921004193193255, 0,
-14.65255666457422, 16.420589256865938, 1,
5.285785283246515, 20.226345581318512, 1,
4.866810564559945, 4.327372504076596, 0,
-14.263668372586263, 21.06916732148951, 1,
-13.064126047063361, 7.175208718047334, 0,
-6.270062182596158, 11.600228400249659, 0,
-12.652354043361713, -13.794352386698836, 0,
-10.802997893630916, 21.443880299585018, 1,
-7.782795952983353, 21.822014687733905, 1,
7.93150192281359, 19.397814459610263, 1,
-1.8528876864003276, 12.09189295320466, 0,
13.194843412844838, 19.88628812288067, 1,
0.8759154364038473, -0.33697243868165483, 1,
14.35504542954249, 1.75461381897538, 1,
2.707386782791143, -10.56243282089259, 1,
13.378908175591944, -21.12930729168231, 0,
-29.439818153810876, -0.6548149162273909, 1,
-25.750023202495022, 7.624655565883769, 1,
-5.609971094941765, -20.035124665791507, 0,
-0.890067303433276, 11.11148828726579, 0,
-5.424016613191644, 6.899169384532567, 0,
13.559816232726234, -1.5575789632057164, 1,
-7.620369247086265, -13.31821797464733, 0,
23.510301478978015, -7.239458043320852, 0,
7.766003757083783, -7.0530211194339, 1,
-13.471101891009567, -16.37007503992308, 0,
-4.269548379637181, -17.617530576401236, 0,
-16.43345855101464, -4.177774182654186, 0,
-9.285988095407856, 2.1455644054653087, 0,
-12.706087502250428, 14.649198869664687, 1,
-7.409153284853568, 5.971041676964413, 0,
20.85387268556917, -11.792194757540429, 0,
31.923560509972553, -1.3216135783437284, 0,
13.940142464345437, 1.50973339223086, 1,
21.327261925611225, -2.1103573705457888, 1,
16.83197684619203, 5.332852178681433, 1,
17.484869055752565, -21.9596504437378, 0,
15.516513409914442, -20.24863070110321, 0,
-14.964517034109617, -11.542829869871394, 0,
6.851020309258528, -16.959219583718433, 1,
-14.066881348719864, -10.078768409612668, 0,
-29.9033399589982, 1.5187483135633757, 1,
-0.39638051839219735, 3.3682556098106384, 0,
-31.304240298210384, 2.6095738523378804, 1,
-16.323321448439287, -11.298625733506956, 0,
-17.378009104862237, 13.748148566423339, 1,
8.876419443268004, 16.841258944373237, 1,
2.8307866676559383, 25.85288644829392, 1,
19.61236071026985, -14.50289987230066, 0,
-19.24571970313516, 14.791004407654682, 1,
11.529976424563303, -22.361281707750937, 0,
-7.157472887270678, 19.093365129941702, 1,
16.992022080420874, -17.39447964016398, 0,
8.437484780478938, -5.555833060701998, 1,
-1.3420415769100975, 19.709623552038813, 1,
-7.168875399491936, 8.690498285748454, 0,
12.527167868459653, -0.27727030851799117, 1,
-2.8908525785344845, 24.294791085571013, 1,
27.54490931976507, -6.348278854743059, 0,
-13.358737164067565, 6.663652463971727, 0,
-10.66127011566018, 24.371350339051276, 1,
-11.458712734814807, -10.224853886238705, 0,
-12.636605088981584, 25.638732118185068, 1,
10.152549687166433, -19.676807747067198, 0,
16.80908418450226, -2.25481583846617, 1,
9.746783868434594, 2.307962409618886, 1,
1.5092113150743702, -20.085625668413407, 0,
5.756030148954176, -1.4687210091917553, 1,
-18.161806308564675, 17.058049198366074, 1,
-1.952061435093802, -11.8316486556933, 1,
-19.771183935591882, 15.485830867708351, 1,
16.41064270210277, -4.762289275065437, 1,
22.676223386501626, -10.867826065343078, 0,
-12.8500645315733, 17.867264279262965, 1,
-24.773728252336497, 9.406218282992228, 1,
17.637777702344582, 7.124065242598944, 1,
15.62806983876056, -12.678334015693059, 0,
-12.526582557334448, -21.033689805353305, 0,
17.308518433741913, -17.07803409554404, 0,
-2.991321661680828, -16.99938489511465, 0,
12.310704857805645, -21.189161532766644, 0,
-20.960106511967652, 24.661668088971457, 1,
-26.685502108944654, 7.766277978565229, 1,
-28.87117056594518, 9.4608016103141, 1,
-14.179340301346022, -14.137318969407648, 0,
27.266750832188386, -14.212404074950234, 0,
-11.951637976054318, -11.736929352886799, 0,
-18.662442549828658, 4.474177609098739, 1,
-3.2316147022439754, 6.898613423308377, 0,
19.950663949774952, -20.58224171663098, 0,
-13.673532235004636, 20.850815655238605, 1,
-17.225517813981313, -10.174055742055266, 0,
-18.766443744761183, 0.6735595065961537, 0,
11.275342893257633, 14.840135639991574, 1,
-31.728079784693776, 4.013331003372697, 1,
-13.144724302731309, 7.775689273324586, 0,
1.9467584227134778, 7.710528096038354, 0,
26.57198971268186, -9.404938559140282, 0,
22.494084318626676, -13.79118840437757, 0,
-8.245048377441664, -3.440539492616283, 0,
2.4677429514039004, 18.358507437059032, 1